{
  "event": "GW250114_082203",
  "config": {
    "gps": 1420878141.2362,
    "ra": 2.35,
    "dec": 0.22,
    "psi": 1.37,
    "M_f": 68.1,
    "chi_f": 0.68,
    "band": [
      30.0,
      350.0
    ]
  },
  "stages": {
    "ringdown": {
      "stage": "ringdown_package",
      "M": [
        74.67307210934563,
        70.4462931841396,
        79.01910760649884
      ],
      "chi": [
        0.7285569862650216,
        0.6405937853774079,
        0.7958907254110827
      ],
      "a221_over_a220": 0.9918756320069487,
      "overtone_p_below": 0.0,
      "overtone_detected": true,
      "rhat": 1.001241276884627
    },
    "npe": {
      "stage": "npe_nohair",
      "M": [
        77.48803329467773,
        69.24407615661622,
        86.46008491516112
      ],
      "chi": [
        0.7800881564617157,
        0.6365446865558624,
        0.8694588333368302
      ],
      "delta": [
        -0.15151521563529968,
        -0.44026089906692506,
        0.28092493712902034
      ],
      "kerr_consistent_90": true
    },
    "echo": {
      "stage": "echo_search",
      "dt_pred_s": 0.2952457935058558,
      "band": [
        30.0,
        350.0
      ],
      "n_bg": 990,
      "comb_p_value": 0.33097880928355194,
      "echo_detected": false
    }
  },
  "elapsed_s": 47.83700084686279
}