{
  "1": {
    "real_S": 27663.38299267708,
    "real_newsnr": 166.32312825544463,
    "synth_S": 42.00838438925014
  },
  "2": {
    "real_S": 65260.36538412203,
    "real_newsnr": 70.01675903801011,
    "synth_S": 43.32141758754227
  },
  "4": {
    "real_S": 65261.49646177656,
    "real_newsnr": 39.313139879353386,
    "synth_S": 49.75341188026125
  },
  "8": {
    "real_S": 76549.20710628561,
    "real_newsnr": 9.21369629579576,
    "synth_S": 67.2080668037333
  },
  "16": {
    "real_S": 142130.4093217964,
    "real_newsnr": 10.54932920553504,
    "synth_S": 91.63807183973339
  }
}