{
 "n_trials": 300,
 "eff": {
  "baseline": {
   "0.2": 0.82,
   "0.5": 1.0,
   "1.0": 1.0
  },
  "f0=150": {
   "0.2": 0.73,
   "0.5": 0.94,
   "1.0": 1.0
  },
  "f0=320": {
   "0.2": 0.9866666666666667,
   "0.5": 1.0,
   "1.0": 1.0
  },
  "tau=10ms": {
   "0.2": 0.7866666666666666,
   "0.5": 1.0,
   "1.0": 1.0
  },
  "tau=50ms": {
   "0.2": 0.7766666666666666,
   "0.5": 1.0,
   "1.0": 1.0
  },
  "gamma=0.5": {
   "0.2": 0.64,
   "0.5": 0.9966666666666667,
   "1.0": 1.0
  },
  "gamma=0.9": {
   "0.2": 0.97,
   "0.5": 1.0,
   "1.0": 1.0
  },
  "f0=450 (out-of-band control)": {
   "0.2": 1.0,
   "0.5": 1.0,
   "1.0": 1.0
  }
 },
 "hits": {
  "baseline": {
   "0.2": 246,
   "0.5": 300,
   "1.0": 300
  },
  "f0=150": {
   "0.2": 219,
   "0.5": 282,
   "1.0": 300
  },
  "f0=320": {
   "0.2": 296,
   "0.5": 300,
   "1.0": 300
  },
  "tau=10ms": {
   "0.2": 236,
   "0.5": 300,
   "1.0": 300
  },
  "tau=50ms": {
   "0.2": 233,
   "0.5": 300,
   "1.0": 300
  },
  "gamma=0.5": {
   "0.2": 192,
   "0.5": 299,
   "1.0": 300
  },
  "gamma=0.9": {
   "0.2": 291,
   "0.5": 300,
   "1.0": 300
  },
  "f0=450 (out-of-band control)": {
   "0.2": 300,
   "0.5": 300,
   "1.0": 300
  }
 }
}