{
 "baseline": {
  "0.2": 0.8,
  "0.5": 1.0,
  "1.0": 1.0
 },
 "f0=150": {
  "0.2": 0.6,
  "0.5": 0.9666666666666667,
  "1.0": 1.0
 },
 "f0=320": {
  "0.2": 0.9666666666666667,
  "0.5": 1.0,
  "1.0": 1.0
 },
 "tau=10ms": {
  "0.2": 0.8333333333333334,
  "0.5": 1.0,
  "1.0": 1.0
 },
 "tau=50ms": {
  "0.2": 0.9,
  "0.5": 1.0,
  "1.0": 1.0
 },
 "gamma=0.5": {
  "0.2": 0.6,
  "0.5": 1.0,
  "1.0": 1.0
 },
 "gamma=0.9": {
  "0.2": 0.9666666666666667,
  "0.5": 1.0,
  "1.0": 1.0
 },
 "f0=450 (out-of-band control)": {
  "0.2": 1.0,
  "0.5": 1.0,
  "1.0": 1.0
 }
}