{
 "slopes": {
  "H1": 1.945887710332798e+21,
  "L1": 2.004505194378009e+21
 },
 "bg95": 0.050274737756905684,
 "bg99": 0.08218203985730897,
 "eff": {
  "0.2": 0.1,
  "0.5": 0.03333333333333333,
  "1.0": 0.5666666666666667
 },
 "oob_rate": 0.1
}