{
 "thresholds": {
  "ml": 0.050274737756905684,
  "comb": 0.1358176320352364
 },
 "eff": {
  "ml": {
   "0.5": 0.12,
   "1.0": 0.76,
   "1.5": 1.0,
   "2.0": 1.0,
   "3.0": 1.0
  },
  "comb": {
   "0.5": 0.04,
   "1.0": 0.48,
   "1.5": 1.0,
   "2.0": 1.0,
   "3.0": 1.0
  }
 }
}