{
 "event": "GW150914",
 "dt": [
  0.05,
  0.09,
  0.13,
  0.16999999999999998,
  0.20999999999999996,
  0.24999999999999997,
  0.29,
  0.2925,
  0.32999999999999996,
  0.36999999999999994,
  0.4099999999999999,
  0.44999999999999996
 ],
 "amps": [
  0.5,
  0.75,
  1.0,
  1.25,
  1.5,
  1.75,
  2.0,
  2.5,
  3.0
 ],
 "n_bg": 45,
 "n_trials": 120,
 "dt_pred": 0.2925,
 "a90": {
  "ml": [
   1.2155172413793103,
   1.2241379310344827,
   NaN,
   NaN,
   2.6,
   NaN,
   1.9444444444444446,
   1.4500000000000002,
   1.4583333333333333,
   NaN,
   1.4456521739130435,
   1.1935483870967742
  ],
  "comb": [
   1.3,
   1.6071428571428572,
   1.3421052631578947,
   1.4596774193548387,
   1.5357142857142858,
   1.4375,
   1.3552631578947367,
   1.4259259259259258,
   1.4000000000000001,
   1.2692307692307692,
   1.4513888888888888,
   1.323529411764706
  ]
 },
 "a50": {
  "ml": [
   0.902542372881356,
   0.9083333333333333,
   2.25,
   1.2307692307692308,
   1.1357142857142857,
   NaN,
   1.0555555555555556,
   1.0775862068965518,
   0.9935897435897436,
   NaN,
   1.0795454545454546,
   0.8983050847457628
  ],
  "comb": [
   1.0294117647058822,
   1.2259615384615385,
   1.0946969696969697,
   1.1462264150943395,
   1.314516129032258,
   1.150943396226415,
   1.0174418604651163,
   1.1291666666666667,
   1.0384615384615385,
   0.9605263157894737,
   1.155,
   1.0471698113207548
  ]
 },
 "ratio_at_pred": 0.9833971902937418,
 "eff_ml": [
  [
   0.03333333333333333,
   0.2,
   0.6916666666666667,
   0.9333333333333333,
   0.9916666666666667,
   0.9916666666666667,
   1.0,
   1.0,
   1.0
  ],
  [
   0.075,
   0.18333333333333332,
   0.6833333333333333,
   0.925,
   0.975,
   1.0,
   1.0,
   1.0,
   1.0
  ],
  [
   0.016666666666666666,
   0.11666666666666667,
   0.35,
   0.49166666666666664,
   0.5666666666666667,
   0.6,
   0.4666666666666667,
   0.5333333333333333,
   0.6
  ],
  [
   0.025,
   0.075,
   0.2,
   0.525,
   0.5333333333333333,
   0.675,
   0.7,
   0.7,
   0.7
  ],
  [
   0.008333333333333333,
   0.075,
   0.3416666666666667,
   0.6333333333333333,
   0.8416666666666667,
   0.7833333333333333,
   0.8083333333333333,
   0.8833333333333333,
   0.9666666666666667
  ],
  [
   0.0,
   0.0,
   0.0,
   0.0,
   0.0,
   0.0,
   0.0,
   0.0,
   0.0
  ],
  [
   0.03333333333333333,
   0.06666666666666667,
   0.43333333333333335,
   0.7333333333333333,
   0.7583333333333333,
   0.8416666666666667,
   0.9166666666666666,
   0.95,
   0.975
  ],
  [
   0.025,
   0.10833333333333334,
   0.35,
   0.8333333333333334,
   0.9166666666666666,
   0.9583333333333334,
   0.975,
   1.0,
   1.0
  ],
  [
   0.08333333333333333,
   0.18333333333333332,
   0.5083333333333333,
   0.775,
   0.925,
   0.9583333333333334,
   0.9333333333333333,
   1.0,
   1.0
  ],
  [
   0.0,
   0.0,
   0.06666666666666667,
   0.3333333333333333,
   0.4166666666666667,
   0.31666666666666665,
   0.35833333333333334,
   0.2916666666666667,
   0.30833333333333335
  ],
  [
   0.0,
   0.041666666666666664,
   0.38333333333333336,
   0.75,
   0.9416666666666667,
   0.8916666666666667,
   0.975,
   0.9833333333333333,
   1.0
  ],
  [
   0.05,
   0.20833333333333334,
   0.7,
   0.9583333333333334,
   1.0,
   1.0,
   1.0,
   1.0,
   1.0
  ]
 ],
 "eff_comb": [
  [
   0.06666666666666667,
   0.10833333333333334,
   0.45,
   0.875,
   1.0,
   1.0,
   1.0,
   1.0,
   1.0
  ],
  [
   0.025,
   0.025,
   0.10833333333333334,
   0.5416666666666666,
   0.825,
   1.0,
   1.0,
   1.0,
   1.0
  ],
  [
   0.016666666666666666,
   0.06666666666666667,
   0.2916666666666667,
   0.8416666666666667,
   1.0,
   1.0,
   1.0,
   1.0,
   1.0
  ],
  [
   0.03333333333333333,
   0.13333333333333333,
   0.24166666666666667,
   0.6833333333333333,
   0.9416666666666667,
   1.0,
   1.0,
   1.0,
   1.0
  ],
  [
   0.008333333333333333,
   0.025,
   0.075,
   0.36666666666666664,
   0.8833333333333333,
   1.0,
   1.0,
   1.0,
   1.0
  ],
  [
   0.075,
   0.03333333333333333,
   0.23333333333333334,
   0.675,
   0.975,
   1.0,
   1.0,
   1.0,
   1.0
  ],
  [
   0.058333333333333334,
   0.1,
   0.475,
   0.8333333333333334,
   0.9916666666666667,
   1.0,
   1.0,
   1.0,
   1.0
  ],
  [
   0.025,
   0.075,
   0.24166666666666667,
   0.7416666666666667,
   0.9666666666666667,
   1.0,
   1.0,
   1.0,
   1.0
  ],
  [
   0.008333333333333333,
   0.16666666666666666,
   0.45,
   0.775,
   0.9833333333333333,
   1.0,
   1.0,
   1.0,
   1.0
  ],
  [
   0.075,
   0.23333333333333334,
   0.55,
   0.8916666666666667,
   1.0,
   1.0,
   1.0,
   1.0,
   1.0
  ],
  [
   0.016666666666666666,
   0.05,
   0.24166666666666667,
   0.6583333333333333,
   0.9583333333333334,
   1.0,
   1.0,
   1.0,
   1.0
  ],
  [
   0.016666666666666666,
   0.10833333333333334,
   0.4166666666666667,
   0.8583333333333333,
   1.0,
   1.0,
   1.0,
   1.0,
   1.0
  ]
 ],
 "statistic": "production-path raw injection, comb vs ML, p<0.01"
}