{
 "event": "GW150914",
 "n_bg": 660,
 "n_offset_blocks": 12,
 "on_max": 0.2987405219782036,
 "on_pred": -0.2534222608961577,
 "p_max": 0.31921331316187596,
 "p_pred": 0.9773071104387292,
 "shared_block_05": {
  "p_max": 0.375,
  "p_pred": 1.0
 },
 "dt_pred": 0.2925,
 "offsets_s": [
  -1800,
  1800,
  -3600,
  3600,
  -7200,
  7200,
  -14400,
  14400,
  -28800,
  28800,
  -57600,
  57600
 ]
}