{
  "T_sun_s": 4.925490947e-06,
  "lp_geo_s": 5.391246366844893e-44,
  "n_planck": 1.0,
  "r_peak_factor": 3.0,
  "events": {
    "GW150914": {
      "M_f": 68.0,
      "chi": 0.69,
      "dt_published": 0.2925,
      "dt_formula": 0.2970321892434475,
      "rel_err": 0.015494664080162408
    },
    "GW151226": {
      "M_f": 22.4,
      "chi": 0.74,
      "dt_published": 0.1013,
      "dt_formula": 0.10097421205034998,
      "rel_err": -0.003216070578973537
    },
    "LVT151012": {
      "M_f": 42.0,
      "chi": 0.66,
      "dt_published": 0.1778,
      "dt_formula": 0.1786150563764767,
      "rel_err": 0.00458411910279354
    }
  },
  "validation_pass": true
}