{
  "event": "GW250114_082203",
  "dt_prior": {
    "median": 0.3568319310656343,
    "lo": 0.30444113790163135,
    "hi": 0.4448014869405838
  },
  "trials_ratio": 3.2142857142857144,
  "thr_flat": 0.5044387335027121,
  "thr_cond": 0.39167121633783436,
  "A90": {
    "flat": 1.9047619047619049,
    "conditioned": 1.7155963302752295
  },
  "A50": {
    "flat": 1.60431654676259,
    "conditioned": 1.444915254237288
  },
  "sensitivity_gain": 1.1102622867328749,
  "on_source_p": {
    "flat": 0.7375,
    "conditioned": 1.0
  },
  "amps": [
    0.5,
    0.75,
    1.0,
    1.25,
    1.5,
    1.75,
    2.0,
    2.5,
    3.0
  ],
  "eff_flat": [
    0.016666666666666666,
    0.01,
    0.02666666666666667,
    0.07666666666666666,
    0.30666666666666664,
    0.77,
    0.98,
    1.0,
    1.0
  ],
  "eff_cond": [
    0.013333333333333334,
    0.013333333333333334,
    0.06666666666666667,
    0.19333333333333333,
    0.5866666666666667,
    0.95,
    0.9933333333333333,
    1.0,
    1.0
  ],
  "n_trials": 300,
  "n_off": 159
}