{
  "events": {
    "GW150914": {
      "dt": 0.2970321892434475,
      "on_z": -3.075260913363202,
      "a90_single": 1.8352272727272727
    },
    "GW151226": {
      "dt": 0.10097421205034998,
      "on_z": -1.3611457590984386,
      "a90_single": NaN
    },
    "GW151012": {
      "dt": 0.1786150563764767,
      "on_z": 0.8783458923958568,
      "a90_single": 1.9082278481012658
    },
    "GW250114_082203": {
      "dt": 0.3544196433800162,
      "on_z": -1.6139560681806595,
      "a90_single": 1.736842105263158
    }
  },
  "stacked_on": -5.172016848246443,
  "p_stacked": 0.9975006248437891,
  "a90_stacked": 1.4296875,
  "best_single_a90": 1.736842105263158,
  "stack_gain": 1.2148403796376186,
  "sqrtN_ideal": 2.0,
  "amps": [
    0.25,
    0.5,
    0.75,
    1.0,
    1.25,
    1.5,
    2.0
  ],
  "eff_stacked": [
    0.0033333333333333335,
    0.01,
    0.03,
    0.15,
    0.67,
    0.99,
    1.0
  ],
  "n_trials": 300
}