{
  "lambdas": [
    0.0,
    0.25,
    0.5,
    0.75,
    1.0
  ],
  "amps": [
    0.5,
    0.75,
    1.0,
    1.25,
    1.5,
    1.75,
    2.0,
    2.5,
    3.0
  ],
  "events": {
    "GW150914": {
      "dt": 0.2970321892434475,
      "a90_vs_lambda": {
        "0.0": 2.0476190476190474,
        "0.25": 1.9841772151898733,
        "0.5": 1.971830985915493,
        "0.75": 2.025,
        "1.0": 2.1724137931034484
      },
      "sum_a90": 2.0476190476190474,
      "pre_a90": 1.971830985915493,
      "dA90_ci90": [
        -0.18957917082917106,
        -0.018487364243943188
      ],
      "p_pre_better": 0.998
    },
    "GW250114_082203": {
      "dt": 0.3544196433800162,
      "a90_vs_lambda": {
        "0.0": 1.9078947368421053,
        "0.25": 1.9102564102564104,
        "0.5": 1.926829268292683,
        "0.75": 1.935897435897436,
        "1.0": 1.9714285714285713
      },
      "sum_a90": 1.9078947368421053,
      "pre_a90": 1.926829268292683,
      "dA90_ci90": [
        -0.004085192216421496,
        0.05118295322563622
      ],
      "p_pre_better": 0.08
    }
  },
  "consistency_helps": false,
  "n_trials": 200
}