{
  "cnn_thr": 0.7456862926483154,
  "cnn_frac_same_inj": {
    "0.17-0.35": 0.4357,
    "0.35-0.55": 0.5047,
    "0.55-0.88": 0.477
  },
  "bank_frac": {
    "0.17-0.35": 0.4723,
    "0.35-0.55": 0.5086,
    "0.55-0.88": 0.4848
  },
  "cnn_mean": 0.47246666666666665,
  "bank_mean": 0.48856666666666665,
  "mf_beats_cnn": true,
  "n_inj": 1500
}