{
  "bank_size": 64,
  "n_chunk": 8,
  "n_injections": 1500,
  "statistic": "max over bank of newSNR_n8; zero-FA over real noise",
  "bank_mc_range": [
    0.17411011265922488,
    0.8705505632961241
  ],
  "sweep": {
    "3": {
      "threshold": 9.181987045718797,
      "frac": {
        "0.17-0.35": 0.0,
        "0.35-0.55": 0.0,
        "0.55-0.88": 0.0
      }
    },
    "6": {
      "threshold": 9.181987045718797,
      "frac": {
        "0.17-0.35": 0.0,
        "0.35-0.55": 0.0,
        "0.55-0.88": 0.0
      }
    },
    "12": {
      "threshold": 9.893095300123854,
      "frac": {
        "0.17-0.35": 0.0,
        "0.35-0.55": 0.0,
        "0.55-0.88": 0.0
      }
    },
    "24": {
      "threshold": 10.254795609238704,
      "frac": {
        "0.17-0.35": 0.0,
        "0.35-0.55": 0.0,
        "0.55-0.88": 0.0
      }
    },
    "48": {
      "threshold": 10.108861996031735,
      "frac": {
        "0.17-0.35": 0.0,
        "0.35-0.55": 0.0,
        "0.55-0.88": 0.0
      }
    },
    "64": {
      "threshold": 10.254795609238704,
      "frac": {
        "0.17-0.35": 0.0,
        "0.35-0.55": 0.0,
        "0.55-0.88": 0.0
      }
    }
  },
  "full_bank_fraction": {
    "0.17-0.35": 0.0,
    "0.35-0.55": 0.0,
    "0.55-0.88": 0.0
  },
  "beats_cnn_w64": {
    "0.17-0.35": false,
    "0.35-0.55": false,
    "0.55-0.88": false
  },
  "oracle_vetoed": {
    "0.17-0.35": 0.663,
    "0.35-0.55": 0.764,
    "0.55-0.88": 0.752
  },
  "cnn_w64": {
    "0.17-0.35": 0.407,
    "0.35-0.55": 0.457,
    "0.55-0.88": 0.476
  },
  "seed": 20261721
}