{
  "n_segs": 4,
  "single_frac": {
    "0.17-0.35": 0.2406,
    "0.35-0.55": 0.2676,
    "0.55-0.88": 0.276
  },
  "double_frac": {
    "0.17-0.35": 0.3026,
    "0.35-0.55": 0.3547,
    "0.55-0.88": 0.3896
  },
  "triple_frac": {
    "0.17-0.35": 0.2945,
    "0.35-0.55": 0.3373,
    "0.55-0.88": 0.3549
  },
  "mean_single": 0.2614,
  "mean_double": 0.34896666666666665,
  "mean_triple": 0.32889999999999997,
  "double_over_single": 1.3349910737056871,
  "triple_over_double": 0.942496895596523,
  "signal_responsiveness": {
    "H1": 5.1134755520776585,
    "L1": 7.368984471262454,
    "V1": 1.1551640817879987
  },
  "virgo_helps": false
}