{
  "segments": [
    1242193730,
    1242197826,
    1242201922,
    1242206018,
    1242210114
  ],
  "n_injections": 150,
  "thr_single": 2.111259937286377,
  "thr_coinc": 3.214324951171875,
  "n_background_coincidences": 18910,
  "zerolag_max": 1.8368101119995117,
  "statistic": "coinc = sH1+sL1; background = time-slides; SNR axis = network",
  "single_det_fraction": {
    "0.17-0.35": 0.0,
    "0.35-0.55": 0.0,
    "0.55-0.88": 0.0
  },
  "coinc_fraction": {
    "0.17-0.35": 0.0,
    "0.35-0.55": 0.34782608695652173,
    "0.55-0.88": 0.0
  },
  "seed": 20264852
}