{
  "mode": "shared (leaky)",
  "n_eval_inj": 2400,
  "slides": 4000,
  "bg_days": 4480.0,
  "vs_far": {
    "1/6h": {
      "sum": {
        "0.17-0.35": 0.3119353304802663,
        "0.35-0.55": 0.36013806721209846,
        "0.55-0.88": 0.3841117415975556
      },
      "learned": {
        "0.17-0.35": 0.3195541105434278,
        "0.35-0.55": 0.3745661324865224,
        "0.55-0.88": 0.40168527125048864
      }
    },
    "1/day": {
      "sum": {
        "0.17-0.35": 0.30455061137022565,
        "0.35-0.55": 0.332530516818027,
        "0.55-0.88": 0.36056338028169016
      },
      "learned": {
        "0.17-0.35": 0.3149541378954962,
        "0.35-0.55": 0.36766245439644685,
        "0.55-0.88": 0.3971231138062333
      }
    },
    "1/week": {
      "sum": {
        "0.17-0.35": 0.2855424102666934,
        "0.35-0.55": 0.3249348793250501,
        "0.55-0.88": 0.33731797435340144
      },
      "learned": {
        "0.17-0.35": 0.30665163472378804,
        "0.35-0.55": 0.3469650460441628,
        "0.55-0.88": 0.3877526894431966
      }
    },
    "1/month": {
      "sum": {
        "0.17-0.35": 0.2785173049354905,
        "0.35-0.55": 0.314855261615828,
        "0.55-0.88": 0.3224181360201511
      },
      "learned": {
        "0.17-0.35": 0.3018867924528302,
        "0.35-0.55": 0.336909949829714,
        "0.55-0.88": 0.37872410211556334
      }
    },
    "1/year": {
      "sum": {
        "0.17-0.35": 0.2629582806573957,
        "0.35-0.55": 0.29487757819505966,
        "0.55-0.88": 0.30644484831539215
      },
      "learned": {
        "0.17-0.35": 0.2869402574540654,
        "0.35-0.55": 0.33033054085316693,
        "0.55-0.88": 0.3662859800527104
      }
    }
  }
}