{
  "mode": "HELD-OUT SEGMENTS (train 16 segs, eval 8 segs)",
  "n_eval_inj": 2000,
  "slides": 4000,
  "bg_days": 1493.3333333333333,
  "vs_far": {
    "1/6h": {
      "sum": {
        "0.17-0.35": 0.29270617564570234,
        "0.35-0.55": 0.3424450389670815,
        "0.55-0.88": 0.3703994349839127
      },
      "learned": {
        "0.17-0.35": 0.305436361793425,
        "0.35-0.55": 0.3585200625325691,
        "0.55-0.88": 0.3902439024390244
      }
    },
    "1/day": {
      "sum": {
        "0.17-0.35": 0.2884573874034518,
        "0.35-0.55": 0.33469633083501055,
        "0.55-0.88": 0.34991798797156914
      },
      "learned": {
        "0.17-0.35": 0.2982914572864322,
        "0.35-0.55": 0.3470025570603277,
        "0.55-0.88": 0.38485158648925283
      }
    },
    "1/week": {
      "sum": {
        "0.17-0.35": 0.2806183115338882,
        "0.35-0.55": 0.32900361040793463,
        "0.55-0.88": 0.3308270676691729
      },
      "learned": {
        "0.17-0.35": 0.2882408017477546,
        "0.35-0.55": 0.33352065186850244,
        "0.55-0.88": 0.375505129002176
      }
    },
    "1/month": {
      "sum": {
        "0.17-0.35": 0.27472870986468984,
        "0.35-0.55": 0.317216714987587,
        "0.55-0.88": 0.3235294117647059
      },
      "learned": {
        "0.17-0.35": 0.2846012140247033,
        "0.35-0.55": 0.3301733931797441,
        "0.55-0.88": 0.3703994349839127
      }
    },
    "1/year": {
      "sum": {
        "0.17-0.35": 0.2581842552972109,
        "0.35-0.55": 0.28862135922330096,
        "0.55-0.88": 0.29261155815654716
      },
      "learned": {
        "0.17-0.35": 0.2718524037906535,
        "0.35-0.55": 0.32051647204025446,
        "0.55-0.88": 0.3308270676691729
      }
    }
  },
  "bootstrap": {
    "1/6h": {
      "0.17-0.35": {
        "median": 0.011699936942311112,
        "ci90": [
          0.005620482268923427,
          0.01981278749744564
        ],
        "p_gt0": 1.0
      },
      "0.35-0.55": {
        "median": 0.014838953742777022,
        "ci90": [
          0.00808288998270805,
          0.025378460921189987
        ],
        "p_gt0": 1.0
      },
      "0.55-0.88": {
        "median": 0.01745318696879089,
        "ci90": [
          0.005563616510898398,
          0.03543681055650314
        ],
        "p_gt0": 0.998
      }
    },
    "1/day": {
      "0.17-0.35": {
        "median": 0.009598729408553969,
        "ci90": [
          0.00534368406945652,
          0.017774318657456836
        ],
        "p_gt0": 1.0
      },
      "0.35-0.55": {
        "median": 0.011116539133952469,
        "ci90": [
          0.004143287974879445,
          0.02009227665369769
        ],
        "p_gt0": 0.998
      },
      "0.55-0.88": {
        "median": 0.0338586986511811,
        "ci90": [
          0.011458768872635703,
          0.06148402938085596
        ],
        "p_gt0": 0.996
      }
    },
    "1/week": {
      "0.17-0.35": {
        "median": 0.0074437726042837216,
        "ci90": [
          0.0032494169648656507,
          0.014288118864897802
        ],
        "p_gt0": 1.0
      },
      "0.35-0.55": {
        "median": 0.00431282758762333,
        "ci90": [
          -0.0013317359717354535,
          0.011037567343182784
        ],
        "p_gt0": 0.91
      },
      "0.55-0.88": {
        "median": 0.0426187514717811,
        "ci90": [
          0.022554991862520267,
          0.06743413998378962
        ],
        "p_gt0": 1.0
      }
    },
    "1/month": {
      "0.17-0.35": {
        "median": 0.00940221214164172,
        "ci90": [
          0.004084869269115019,
          0.017509412345767573
        ],
        "p_gt0": 0.998
      },
      "0.35-0.55": {
        "median": 0.013046634230292953,
        "ci90": [
          0.007357548288074995,
          0.023138774080430573
        ],
        "p_gt0": 1.0
      },
      "0.55-0.88": {
        "median": 0.0450297206222279,
        "ci90": [
          0.025272650450315196,
          0.0719055575302245
        ],
        "p_gt0": 1.0
      }
    },
    "1/year": {
      "0.17-0.35": {
        "median": 0.01383728902855233,
        "ci90": [
          0.006618611266225025,
          0.020851390510456355
        ],
        "p_gt0": 1.0
      },
      "0.35-0.55": {
        "median": 0.03163793350451857,
        "ci90": [
          0.023855515320115466,
          0.040951585608065715
        ],
        "p_gt0": 1.0
      },
      "0.55-0.88": {
        "median": 0.039001950324138,
        "ci90": [
          0.02392414443941519,
          0.05875602770876698
        ],
        "p_gt0": 1.0
      }
    }
  }
}