{
  "mode": "HELD-OUT SEGMENTS (train 16 segs, eval 8 segs)",
  "n_eval_inj": 2000,
  "slides": 4000,
  "bg_days": 1493.3333333333333,
  "vs_far": {
    "1/6h": {
      "sum": {
        "0.17-0.35": 0.2941684132659351,
        "0.35-0.55": 0.3520455115870493,
        "0.55-0.88": 0.37235622833698806
      },
      "learned": {
        "0.17-0.35": 0.3042708664276313,
        "0.35-0.55": 0.36194607995041833,
        "0.55-0.88": 0.3858875413450937
      }
    },
    "1/day": {
      "sum": {
        "0.17-0.35": 0.29304132815259626,
        "0.35-0.55": 0.34838413935365575,
        "0.55-0.88": 0.35446313065976714
      },
      "learned": {
        "0.17-0.35": 0.293352872015949,
        "0.35-0.55": 0.35489921695894244,
        "0.55-0.88": 0.3805125836989148
      }
    },
    "1/week": {
      "sum": {
        "0.17-0.35": 0.284683818225535,
        "0.35-0.55": 0.3362857481278707,
        "0.55-0.88": 0.35315685268020824
      },
      "learned": {
        "0.17-0.35": 0.2859904240310164,
        "0.35-0.55": 0.3364762897211515,
        "0.55-0.88": 0.3651925820256776
      }
    },
    "1/month": {
      "sum": {
        "0.17-0.35": 0.2806183115338882,
        "0.35-0.55": 0.324677925372138,
        "0.55-0.88": 0.32876712328767127
      },
      "learned": {
        "0.17-0.35": 0.28125225316163643,
        "0.35-0.55": 0.3342495876855415,
        "0.55-0.88": 0.3620812544547398
      }
    },
    "1/year": {
      "sum": {
        "0.17-0.35": 0.26667839394872245,
        "0.35-0.55": 0.3037856726849156,
        "0.55-0.88": 0.2979189485213582
      },
      "learned": {
        "0.17-0.35": 0.2799441829083158,
        "0.35-0.55": 0.33182495522714534,
        "0.55-0.88": 0.352773826458037
      }
    }
  },
  "bootstrap": {
    "1/6h": {
      "0.17-0.35": {
        "median": 0.00960799942202109,
        "ci90": [
          0.003799248534975752,
          0.019073355936919927
        ],
        "p_gt0": 1.0
      },
      "0.35-0.55": {
        "median": 0.00989848063753429,
        "ci90": [
          0.004263001615404441,
          0.018945510423768828
        ],
        "p_gt0": 0.998
      },
      "0.55-0.88": {
        "median": 0.01273946712416793,
        "ci90": [
          0.004116547346994068,
          0.025783915687621513
        ],
        "p_gt0": 0.988
      }
    },
    "1/day": {
      "0.17-0.35": {
        "median": 0.00036567390094527363,
        "ci90": [
          -0.002322949133897212,
          0.003045166366654507
        ],
        "p_gt0": 0.608
      },
      "0.35-0.55": {
        "median": 0.006073591635096021,
        "ci90": [
          0.002043351200961799,
          0.013333352278566465
        ],
        "p_gt0": 0.99
      },
      "0.55-0.88": {
        "median": 0.026214929215782445,
        "ci90": [
          0.010208642837181568,
          0.05660025244586805
        ],
        "p_gt0": 0.998
      }
    },
    "1/week": {
      "0.17-0.35": {
        "median": 0.0011282029987877418,
        "ci90": [
          -0.0023133877235483294,
          0.005819065670648784
        ],
        "p_gt0": 0.708
      },
      "0.35-0.55": {
        "median": 0.0005520030528408937,
        "ci90": [
          -0.007805701835960618,
          0.008135649010271438
        ],
        "p_gt0": 0.54
      },
      "0.55-0.88": {
        "median": 0.012650239020061627,
        "ci90": [
          -0.0008927649124041069,
          0.03452974257820802
        ],
        "p_gt0": 0.924
      }
    },
    "1/month": {
      "0.17-0.35": {
        "median": 0.0009693511915189468,
        "ci90": [
          -0.006094257459197602,
          0.008046958515533269
        ],
        "p_gt0": 0.612
      },
      "0.35-0.55": {
        "median": 0.009585112230715565,
        "ci90": [
          0.0018226905095914076,
          0.019643166540565683
        ],
        "p_gt0": 0.972
      },
      "0.55-0.88": {
        "median": 0.029752621149703673,
        "ci90": [
          0.012726625256893094,
          0.05594335461834974
        ],
        "p_gt0": 1.0
      }
    },
    "1/year": {
      "0.17-0.35": {
        "median": 0.012585780371660304,
        "ci90": [
          0.004162405655992854,
          0.023645679764684846
        ],
        "p_gt0": 0.998
      },
      "0.35-0.55": {
        "median": 0.028176865495658787,
        "ci90": [
          0.017959132815721385,
          0.043010306059841415
        ],
        "p_gt0": 1.0
      },
      "0.55-0.88": {
        "median": 0.05412312697875582,
        "ci90": [
          0.03048370534419714,
          0.08190510060682671
        ],
        "p_gt0": 1.0
      }
    }
  }
}