{
  "mode": "HELD-OUT noise",
  "n_eval_inj": 2400,
  "slides": 4000,
  "bg_days": 2240.0,
  "vs_far": {
    "1/6h": {
      "sum": {
        "0.17-0.35": 0.3084909158324064,
        "0.35-0.55": 0.3556595495758994,
        "0.55-0.88": 0.38354898336414045
      },
      "learned": {
        "0.17-0.35": 0.31617042276690244,
        "0.35-0.55": 0.3749352667011911,
        "0.55-0.88": 0.3979721166032953
      }
    },
    "1/day": {
      "sum": {
        "0.17-0.35": 0.29466064671797026,
        "0.35-0.55": 0.3323510885540729,
        "0.55-0.88": 0.35786130227633667
      },
      "learned": {
        "0.17-0.35": 0.30725348010364983,
        "0.35-0.55": 0.3486503499092828,
        "0.55-0.88": 0.3880392604428213
      }
    },
    "1/week": {
      "sum": {
        "0.17-0.35": 0.2854096742349457,
        "0.35-0.55": 0.32266123375972744,
        "0.55-0.88": 0.33880359978824776
      },
      "learned": {
        "0.17-0.35": 0.29210731381498384,
        "0.35-0.55": 0.334450334713462,
        "0.55-0.88": 0.3800031808301967
      }
    },
    "1/month": {
      "sum": {
        "0.17-0.35": 0.28000563130137207,
        "0.35-0.55": 0.3101137743400639,
        "0.55-0.88": 0.3203230148048452
      },
      "learned": {
        "0.17-0.35": 0.2888057972932729,
        "0.35-0.55": 0.33075587817579294,
        "0.55-0.88": 0.3713867346385379
      }
    },
    "1/year": {
      "sum": {
        "0.17-0.35": 0.2553259599532628,
        "0.35-0.55": 0.28492373181979425,
        "0.55-0.88": 0.29060515952744514
      },
      "learned": {
        "0.17-0.35": 0.278701504354711,
        "0.35-0.55": 0.3231266536715327,
        "0.55-0.88": 0.35934038887521536
      }
    }
  }
}