{
  "segments": [
    1242193730,
    1242197826,
    1242201922,
    1242206018,
    1242210114
  ],
  "n_injections": 1500,
  "thr_single": 2.3075387477874756,
  "thr_coinc_lowFAR": 4.783568859100342,
  "thr_coinc_matchedFAR": 0.6404489278793335,
  "n_background_coincidences": 18910,
  "n_livetimes": 305,
  "zerolag_max": 2.1064891815185547,
  "statistic": "coinc = sH1+sL1; background = time-slides; SNR axis = network",
  "single_det_fraction": {
    "0.17-0.35": 0.262013422818792,
    "0.35-0.55": 0.2839732276647464,
    "0.55-0.88": 0.2782608695652174
  },
  "coinc_fraction_lowFAR": {
    "0.17-0.35": 0.28805237315875615,
    "0.35-0.55": 0.3348699981560022,
    "0.55-0.88": 0.34331525583588773
  },
  "coinc_fraction_matchedFAR": {
    "0.17-0.35": 0.34458284044255794,
    "0.35-0.55": 0.37533252720677146,
    "0.55-0.88": 0.41998306519898393
  },
  "seed": 20264852
}