{
  "single_det": {
    "0.17-0.35": 0.26100558659217876,
    "0.35-0.55": 0.2933996644877654,
    "0.55-0.88": 0.2888086642599278
  },
  "rules": {
    "sum  (G1)": {
      "0.17-0.35": 0.34458284044255794,
      "0.35-0.55": 0.3819893792672587,
      "0.55-0.88": 0.42780748663101603
    },
    "min": {
      "0.17-0.35": 0.26452084857351865,
      "0.35-0.55": 0.3339147615886884,
      "0.55-0.88": 0.3439860546194073
    },
    "prod-prob": {
      "0.17-0.35": 0.3072591996782626,
      "0.35-0.55": 0.3634785125162784,
      "0.55-0.88": 0.37703285761699307
    },
    "max+min": {
      "0.17-0.35": 0.3385248310314429,
      "0.35-0.55": 0.3792012417169124,
      "0.55-0.88": 0.41635687732342
    }
  }
}