{
  "mode": "shared (leaky)",
  "n_eval_inj": 2400,
  "slides": 4000,
  "bg_days": 1692.32,
  "vs_far": {
    "1/6h": {
      "sum": {
        "0.17-0.35": 0.3119353304802663,
        "0.35-0.55": 0.3608431299495041,
        "0.55-0.88": 0.3880171184022825
      },
      "learned": {
        "0.17-0.35": 0.3217001771017814,
        "0.35-0.55": 0.3805010546999162,
        "0.55-0.88": 0.4027790996478538
      }
    },
    "1/day": {
      "sum": {
        "0.17-0.35": 0.30455061137022565,
        "0.35-0.55": 0.332530516818027,
        "0.55-0.88": 0.36056338028169016
      },
      "learned": {
        "0.17-0.35": 0.3119353304802663,
        "0.35-0.55": 0.36425194956568396,
        "0.55-0.88": 0.39652950777424617
      }
    },
    "1/week": {
      "sum": {
        "0.17-0.35": 0.2855424102666934,
        "0.35-0.55": 0.3249348793250501,
        "0.55-0.88": 0.33731797435340144
      },
      "learned": {
        "0.17-0.35": 0.3046878451818142,
        "0.35-0.55": 0.34965751828898933,
        "0.55-0.88": 0.37730287398673545
      }
    },
    "1/month": {
      "sum": {
        "0.17-0.35": 0.2785173049354905,
        "0.35-0.55": 0.314855261615828,
        "0.55-0.88": 0.3224181360201511
      },
      "learned": {
        "0.17-0.35": 0.29759207545181515,
        "0.35-0.55": 0.33547988254082733,
        "0.55-0.88": 0.3687638031598618
      }
    },
    "1/year": {
      "sum": {
        "0.17-0.35": 0.2629582806573957,
        "0.35-0.55": 0.29487757819505966,
        "0.55-0.88": 0.30644484831539215
      },
      "learned": {
        "0.17-0.35": 0.2734565748168818,
        "0.35-0.55": 0.3238732370081727,
        "0.55-0.88": 0.3375796178343949
      }
    }
  },
  "bootstrap": {
    "1/6h": {
      "0.17-0.35": {
        "median": 0.0093865331899948,
        "ci90": [
          0.0038776699976484142,
          0.020498015350804057
        ],
        "p_gt0": 1.0
      },
      "0.35-0.55": {
        "median": 0.019907996822177254,
        "ci90": [
          0.011108010109173219,
          0.03459750908903737
        ],
        "p_gt0": 1.0
      },
      "0.55-0.88": {
        "median": 0.013793258622825433,
        "ci90": [
          0.004827315490847739,
          0.027589620642092954
        ],
        "p_gt0": 1.0
      }
    },
    "1/day": {
      "0.17-0.35": {
        "median": 0.006960966733626228,
        "ci90": [
          0.0031080459978453795,
          0.013609183570737723
        ],
        "p_gt0": 1.0
      },
      "0.35-0.55": {
        "median": 0.03096128165595441,
        "ci90": [
          0.021340828157536906,
          0.046047332902983754
        ],
        "p_gt0": 1.0
      },
      "0.55-0.88": {
        "median": 0.035075770297945896,
        "ci90": [
          0.021118111318867226,
          0.052870808848002014
        ],
        "p_gt0": 1.0
      }
    },
    "1/week": {
      "0.17-0.35": {
        "median": 0.01770635772923304,
        "ci90": [
          0.008462503983282159,
          0.029532759783444707
        ],
        "p_gt0": 1.0
      },
      "0.35-0.55": {
        "median": 0.024320714975246627,
        "ci90": [
          0.012584458309062805,
          0.037806312664229416
        ],
        "p_gt0": 1.0
      },
      "0.55-0.88": {
        "median": 0.03742042255248912,
        "ci90": [
          0.014538778757995979,
          0.06296878715166943
        ],
        "p_gt0": 1.0
      }
    },
    "1/month": {
      "0.17-0.35": {
        "median": 0.01790427138445186,
        "ci90": [
          0.008758906917038959,
          0.03260498029615943
        ],
        "p_gt0": 1.0
      },
      "0.35-0.55": {
        "median": 0.020496544436263725,
        "ci90": [
          0.01355765196804792,
          0.03317395828885816
        ],
        "p_gt0": 1.0
      },
      "0.55-0.88": {
        "median": 0.04659951550197877,
        "ci90": [
          0.022761024462153577,
          0.07119719467024008
        ],
        "p_gt0": 1.0
      }
    },
    "1/year": {
      "0.17-0.35": {
        "median": 0.010230762981417035,
        "ci90": [
          0.00441857779832241,
          0.02026822370238634
        ],
        "p_gt0": 1.0
      },
      "0.35-0.55": {
        "median": 0.02877551881777221,
        "ci90": [
          0.021797057542716207,
          0.03574114822422398
        ],
        "p_gt0": 1.0
      },
      "0.55-0.88": {
        "median": 0.03166057996580798,
        "ci90": [
          0.01825478016202892,
          0.05315628916589107
        ],
        "p_gt0": 1.0
      }
    }
  }
}