{
  "n_segments": 24,
  "real_livetime_h": 26.88,
  "slides": 4000,
  "bg_days": 4480.0,
  "n_injections": 2400,
  "coinc_vs_far": {
    "1/6h": {
      "thr": 2.9841952323913574,
      "frac": {
        "0.17-0.35": 0.3018867924528302,
        "0.35-0.55": 0.35001718016263883,
        "0.55-0.88": 0.37289351021871636
      }
    },
    "1/day": {
      "thr": 4.4106316566467285,
      "frac": {
        "0.17-0.35": 0.29535452322738387,
        "0.35-0.55": 0.33208040529498284,
        "0.55-0.88": 0.3579298831385643
      }
    },
    "1/week": {
      "thr": 5.516468048095703,
      "frac": {
        "0.17-0.35": 0.28396014359043176,
        "0.35-0.55": 0.3218613669413476,
        "0.55-0.88": 0.3504115739585932
      }
    },
    "1/month": {
      "thr": 6.492551803588867,
      "frac": {
        "0.17-0.35": 0.2756760071126372,
        "0.35-0.55": 0.31607968325698055,
        "0.55-0.88": 0.32529502308876346
      }
    },
    "1/year": {
      "thr": 8.520967483520508,
      "frac": {
        "0.17-0.35": 0.2669410028179094,
        "0.35-0.55": 0.2995185610596544,
        "0.55-0.88": 0.30323385471643793
      }
    }
  },
  "single_det_floor_frac": {
    "0.17-0.35": 0.22212177955704784,
    "0.35-0.55": 0.2522250252916544,
    "0.55-0.88": 0.2511470659261048
  },
  "single_det_far": "1/27h"
}