{
  "mode": "HELD-OUT SEGMENTS (train 16 segs, eval 8 segs)",
  "n_eval_inj": 2000,
  "slides": 4000,
  "bg_days": 187.78666666666666,
  "vs_far": {
    "1/6h": {
      "sum": {
        "0.17-0.35": 0.29270617564570234,
        "0.35-0.55": 0.3424450389670815,
        "0.55-0.88": 0.3703994349839127
      },
      "learned": {
        "0.17-0.35": 0.2988444652329673,
        "0.35-0.55": 0.34931813816505536,
        "0.55-0.88": 0.3902439024390244
      }
    },
    "1/day": {
      "sum": {
        "0.17-0.35": 0.2884573874034518,
        "0.35-0.55": 0.33469633083501055,
        "0.55-0.88": 0.34991798797156914
      },
      "learned": {
        "0.17-0.35": 0.2921202607241579,
        "0.35-0.55": 0.3425587467362924,
        "0.55-0.88": 0.38412391093901255
      }
    },
    "1/week": {
      "sum": {
        "0.17-0.35": 0.2806183115338882,
        "0.35-0.55": 0.32900361040793463,
        "0.55-0.88": 0.3308270676691729
      },
      "learned": {
        "0.17-0.35": 0.2842339008142117,
        "0.35-0.55": 0.33381331259262376,
        "0.55-0.88": 0.3737144849224333
      }
    },
    "1/month": {
      "sum": {
        "0.17-0.35": 0.27329937069223853,
        "0.35-0.55": 0.3147671874400215,
        "0.55-0.88": 0.32
      },
      "learned": {
        "0.17-0.35": 0.2811492337234158,
        "0.35-0.55": 0.3326085065669305,
        "0.55-0.88": 0.3714285714285714
      }
    }
  },
  "bootstrap": {
    "1/6h": {
      "0.17-0.35": {
        "median": 0.0057908469738349455,
        "ci90": [
          0.001595745992137959,
          0.01187487571850404
        ],
        "p_gt0": 0.998
      },
      "0.35-0.55": {
        "median": 0.0058057996075752405,
        "ci90": [
          -0.0015488995129922267,
          0.0153995818009022
        ],
        "p_gt0": 0.896
      },
      "0.55-0.88": {
        "median": 0.018043507071270642,
        "ci90": [
          0.006307427699752013,
          0.035781282527690195
        ],
        "p_gt0": 1.0
      }
    },
    "1/day": {
      "0.17-0.35": {
        "median": 0.0034165325209210007,
        "ci90": [
          -0.0013033411385592053,
          0.011135778708047422
        ],
        "p_gt0": 0.892
      },
      "0.35-0.55": {
        "median": 0.007349695605094797,
        "ci90": [
          -0.0016341939978548286,
          0.01722051184767515
        ],
        "p_gt0": 0.92
      },
      "0.55-0.88": {
        "median": 0.03135377494370481,
        "ci90": [
          0.01054857794945418,
          0.06342930737958309
        ],
        "p_gt0": 0.998
      }
    },
    "1/week": {
      "0.17-0.35": {
        "median": 0.0033377533872818443,
        "ci90": [
          -0.0031845898279493383,
          0.01163887546699408
        ],
        "p_gt0": 0.828
      },
      "0.35-0.55": {
        "median": 0.0043988733697921945,
        "ci90": [
          -0.0026715936018244066,
          0.012439589139718463
        ],
        "p_gt0": 0.852
      },
      "0.55-0.88": {
        "median": 0.04086649124622163,
        "ci90": [
          0.020333308959994304,
          0.06742966814307048
        ],
        "p_gt0": 1.0
      }
    },
    "1/month": {
      "0.17-0.35": {
        "median": 0.007075759340275878,
        "ci90": [
          0.0011282309600744056,
          0.016616811096322705
        ],
        "p_gt0": 0.978
      },
      "0.35-0.55": {
        "median": 0.01812261748046584,
        "ci90": [
          0.009670968976759842,
          0.03116034131395749
        ],
        "p_gt0": 1.0
      },
      "0.55-0.88": {
        "median": 0.05011209592404886,
        "ci90": [
          0.024496356759021617,
          0.08072103288751153
        ],
        "p_gt0": 1.0
      }
    }
  }
}