{
  "mode": "HELD-OUT noise",
  "n_eval_inj": 2400,
  "slides": 4000,
  "bg_days": 422.8,
  "vs_far": {
    "1/6h": {
      "sum": {
        "0.17-0.35": 0.3084909158324064,
        "0.35-0.55": 0.3556595495758994,
        "0.55-0.88": 0.38354898336414045
      },
      "learned": {
        "0.17-0.35": 0.314703765891101,
        "0.35-0.55": 0.3651164691458929,
        "0.55-0.88": 0.4005855332895866
      }
    },
    "1/day": {
      "sum": {
        "0.17-0.35": 0.29466064671797026,
        "0.35-0.55": 0.3323510885540729,
        "0.55-0.88": 0.35786130227633667
      },
      "learned": {
        "0.17-0.35": 0.3068468736076043,
        "0.35-0.55": 0.35552808467897706,
        "0.55-0.88": 0.3973138798975796
      }
    },
    "1/week": {
      "sum": {
        "0.17-0.35": 0.2854096742349457,
        "0.35-0.55": 0.32266123375972744,
        "0.55-0.88": 0.33880359978824776
      },
      "learned": {
        "0.17-0.35": 0.29412284577993814,
        "0.35-0.55": 0.3320637015265573,
        "0.55-0.88": 0.38748392627518213
      }
    },
    "1/month": {
      "sum": {
        "0.17-0.35": 0.28000563130137207,
        "0.35-0.55": 0.3101137743400639,
        "0.55-0.88": 0.3203230148048452
      },
      "learned": {
        "0.17-0.35": 0.2896331540690916,
        "0.35-0.55": 0.3285090620452441,
        "0.55-0.88": 0.36939313984168864
      }
    },
    "1/year": {
      "sum": {
        "0.17-0.35": 0.2553259599532628,
        "0.35-0.55": 0.28492373181979425,
        "0.55-0.88": 0.29060515952744514
      },
      "learned": {
        "0.17-0.35": 0.26801292299935653,
        "0.35-0.55": 0.31939145307323374,
        "0.55-0.88": 0.33880359978824776
      }
    }
  },
  "bootstrap": {
    "1/6h": {
      "0.17-0.35": {
        "median": 0.005420796177807247,
        "ci90": [
          -8.143497912474021e-06,
          0.016694278870135033
        ],
        "p_gt0": 0.942
      },
      "0.35-0.55": {
        "median": 0.008125575788678702,
        "ci90": [
          -0.0029303925775664734,
          0.03038634608800213
        ],
        "p_gt0": 0.884
      },
      "0.55-0.88": {
        "median": 0.015117508148761949,
        "ci90": [
          0.004808308889134522,
          0.0266335625879629
        ],
        "p_gt0": 1.0
      }
    },
    "1/day": {
      "0.17-0.35": {
        "median": 0.010817500397089785,
        "ci90": [
          0.0033282773974570947,
          0.019971322156102304
        ],
        "p_gt0": 0.992
      },
      "0.35-0.55": {
        "median": 0.021906539173230488,
        "ci90": [
          0.009040428167407221,
          0.044081499521199864
        ],
        "p_gt0": 1.0
      },
      "0.55-0.88": {
        "median": 0.03848643137999666,
        "ci90": [
          0.01999144041117827,
          0.05913494287928058
        ],
        "p_gt0": 0.996
      }
    },
    "1/week": {
      "0.17-0.35": {
        "median": 0.008344295968294474,
        "ci90": [
          0.002264196119646947,
          0.01999598390963957
        ],
        "p_gt0": 0.988
      },
      "0.35-0.55": {
        "median": 0.009743881362869578,
        "ci90": [
          0.0033951415634131013,
          0.021464972951048742
        ],
        "p_gt0": 0.994
      },
      "0.55-0.88": {
        "median": 0.04580135068285346,
        "ci90": [
          0.025006851340248642,
          0.06886266790449282
        ],
        "p_gt0": 1.0
      }
    },
    "1/month": {
      "0.17-0.35": {
        "median": 0.009678044400133257,
        "ci90": [
          0.000965051760803651,
          0.02510110306557659
        ],
        "p_gt0": 0.958
      },
      "0.35-0.55": {
        "median": 0.01915603033535862,
        "ci90": [
          0.011786141892395666,
          0.02938147273761167
        ],
        "p_gt0": 1.0
      },
      "0.55-0.88": {
        "median": 0.04805534684348095,
        "ci90": [
          0.02626232993123199,
          0.07452700266166185
        ],
        "p_gt0": 1.0
      }
    },
    "1/year": {
      "0.17-0.35": {
        "median": 0.012983527427028296,
        "ci90": [
          0.007164810867195601,
          0.023857060863208303
        ],
        "p_gt0": 1.0
      },
      "0.35-0.55": {
        "median": 0.034370826736613874,
        "ci90": [
          0.02843628286581898,
          0.04125911605818934
        ],
        "p_gt0": 1.0
      },
      "0.55-0.88": {
        "median": 0.047777365872258004,
        "ci90": [
          0.02953633435341197,
          0.07140565674836782
        ],
        "p_gt0": 1.0
      }
    }
  }
}