{
  "segments": [
    1242193730,
    1242197826,
    1242201922,
    1242206018,
    1242210114
  ],
  "n_injections": 1500,
  "thr_single": 2.111259937286377,
  "thr_coinc_lowFAR": 3.214324951171875,
  "thr_coinc_matchedFAR": 0.5343238711357117,
  "n_background_coincidences": 18910,
  "n_livetimes": 305,
  "zerolag_max": 1.8368101119995117,
  "statistic": "coinc = sH1+sL1; background = time-slides; SNR axis = network",
  "single_det_fraction": {
    "0.17-0.35": 0.26100558659217876,
    "0.35-0.55": 0.2933996644877654,
    "0.55-0.88": 0.2888086642599278
  },
  "coinc_fraction_lowFAR": {
    "0.17-0.35": 0.3011076459834391,
    "0.35-0.55": 0.3529459208775255,
    "0.55-0.88": 0.38537718547499694
  },
  "coinc_fraction_matchedFAR": {
    "0.17-0.35": 0.34458284044255794,
    "0.35-0.55": 0.3819893792672587,
    "0.55-0.88": 0.42780748663101603
  },
  "seed": 20264852
}