{
  "mode": "HELD-OUT SEGMENTS (train 16 segs, eval 8 segs)",
  "n_eval_inj": 2000,
  "slides": 4000,
  "bg_days": 1493.3333333333333,
  "vs_far": {
    "1/6h": {
      "sum": {
        "0.17-0.35": 0.29270617564570234,
        "0.35-0.55": 0.3424450389670815,
        "0.55-0.88": 0.3703994349839127
      },
      "learned": {
        "0.17-0.35": 0.30067767393912764,
        "0.35-0.55": 0.353223012567722,
        "0.55-0.88": 0.3902439024390244
      }
    },
    "1/day": {
      "sum": {
        "0.17-0.35": 0.2884573874034518,
        "0.35-0.55": 0.33469633083501055,
        "0.55-0.88": 0.34991798797156914
      },
      "learned": {
        "0.17-0.35": 0.29573590096286106,
        "0.35-0.55": 0.3474065138721351,
        "0.55-0.88": 0.3902439024390244
      }
    },
    "1/week": {
      "sum": {
        "0.17-0.35": 0.2806183115338882,
        "0.35-0.55": 0.32900361040793463,
        "0.55-0.88": 0.3308270676691729
      },
      "learned": {
        "0.17-0.35": 0.2905604052648243,
        "0.35-0.55": 0.3404255319148936,
        "0.55-0.88": 0.3793430468143805
      }
    },
    "1/month": {
      "sum": {
        "0.17-0.35": 0.27472870986468984,
        "0.35-0.55": 0.317216714987587,
        "0.55-0.88": 0.3235294117647059
      },
      "learned": {
        "0.17-0.35": 0.2881312483978467,
        "0.35-0.55": 0.33449845017476754,
        "0.55-0.88": 0.37235622833698806
      }
    },
    "1/year": {
      "sum": {
        "0.17-0.35": 0.2581842552972109,
        "0.35-0.55": 0.28862135922330096,
        "0.55-0.88": 0.29261155815654716
      },
      "learned": {
        "0.17-0.35": 0.2743948065605598,
        "0.35-0.55": 0.32742786897100296,
        "0.55-0.88": 0.3382663847780127
      }
    }
  }
}