{
  "model": "transformer",
  "test_hours": 6.799999999999999,
  "n_noise_windows": 2868,
  "thresh_zero_fa": 7.2859787940979,
  "thresh_far_1h": 7.2859787940979,
  "eff_curves": {
    "0.17-0.35": {
      "snr": [
        5.0,
        7.0,
        9.0,
        11.0,
        13.0,
        15.0,
        17.0,
        19.0,
        21.0,
        23.0
      ],
      "eff": [
        0.0,
        0.0,
        0.0,
        0.0,
        0.0,
        0.0,
        0.015151515151515152,
        0.06557377049180328,
        0.3220338983050847,
        0.48484848484848486
      ]
    },
    "0.35-0.55": {
      "snr": [
        5.0,
        7.0,
        9.0,
        11.0,
        13.0,
        15.0,
        17.0,
        19.0,
        21.0,
        23.0
      ],
      "eff": [
        0.0,
        0.0,
        0.0,
        0.016666666666666666,
        0.0,
        0.013888888888888888,
        0.10126582278481013,
        0.3181818181818182,
        0.5833333333333334,
        0.92
      ]
    },
    "0.55-0.88": {
      "snr": [
        5.0,
        7.0,
        9.0,
        11.0,
        15.0,
        17.0,
        19.0,
        21.0,
        23.0
      ],
      "eff": [
        0.0,
        0.0,
        0.0,
        0.0,
        0.0,
        0.15789473684210525,
        0.43333333333333335,
        0.6875,
        1.0
      ]
    }
  },
  "mf_distance_fraction": {
    "0.17-0.35": 0.0,
    "0.35-0.55": 0.3927068723702665,
    "0.55-0.88": 0.4097397145256087
  },
  "overall_eff_above_snr10": 0.20853540252182348,
  "overall_eff_above_snr15": 0.31981981981981983
}