{
  "model": "cnn",
  "test_hours": 6.799999999999999,
  "n_noise_windows": 2868,
  "thresh_zero_fa": 2.7070367336273193,
  "thresh_far_1h": 1.4233318197727203,
  "eff_curves": {
    "0.17-0.35": {
      "snr": [
        5.0,
        7.0,
        9.0,
        11.0,
        13.0,
        15.0,
        17.0,
        19.0,
        21.0,
        23.0
      ],
      "eff": [
        0.0,
        0.015873015873015872,
        0.014925373134328358,
        0.0,
        0.0,
        0.03773584905660377,
        0.07575757575757576,
        0.36065573770491804,
        0.7457627118644068,
        0.8787878787878788
      ]
    },
    "0.35-0.55": {
      "snr": [
        5.0,
        7.0,
        9.0,
        11.0,
        13.0,
        15.0,
        17.0,
        19.0,
        21.0,
        23.0
      ],
      "eff": [
        0.0,
        0.0,
        0.0,
        0.016666666666666666,
        0.014492753623188406,
        0.06944444444444445,
        0.4050632911392405,
        0.6060606060606061,
        0.9305555555555556,
        1.0
      ]
    },
    "0.55-0.88": {
      "snr": [
        5.0,
        7.0,
        9.0,
        11.0,
        15.0,
        17.0,
        19.0,
        21.0,
        23.0
      ],
      "eff": [
        0.0,
        0.0,
        0.0,
        0.045454545454545456,
        0.0,
        0.2631578947368421,
        0.43333333333333335,
        0.78125,
        1.0
      ]
    }
  },
  "mf_distance_fraction": {
    "0.17-0.35": 0.40560412627574355,
    "0.35-0.55": 0.44581516537275334,
    "0.55-0.88": 0.41272783441458144
  },
  "overall_eff_above_snr10": 0.34917555771096026,
  "overall_eff_above_snr15": 0.53003003003003
}