{
  "model": "cnn",
  "protocol": "full-signal segment injection, spliced sweep, masked stats",
  "n_injections": 1500,
  "test_hours": 6.786666666666667,
  "n_noise_windows": 2868,
  "thresholds": {
    "max": 2.7070367336273193,
    "boxcar_bank": 1.6708531589247286,
    "count_above": 19.0
  },
  "bank_k": [
    32,
    48,
    64,
    80,
    96
  ],
  "seed": 20261498,
  "results": {
    "max": {
      "mf_distance_fraction": {
        "0.17-0.35": 0.40164609053497946,
        "0.35-0.55": 0.4478235738739941,
        "0.55-0.88": 0.44651162790697674
      },
      "eff_curves": {
        "0.17-0.35": {
          "snr": [
            5.0,
            7.0,
            9.0,
            11.0,
            13.0,
            15.0,
            17.0,
            19.0,
            21.0,
            23.0
          ],
          "eff": [
            0.06,
            0.046511627906976744,
            0.015384615384615385,
            0.0,
            0.01694915254237288,
            0.057692307692307696,
            0.1791044776119403,
            0.3181818181818182,
            0.7142857142857143,
            0.8571428571428571
          ]
        },
        "0.35-0.55": {
          "snr": [
            5.0,
            7.0,
            9.0,
            11.0,
            13.0,
            15.0,
            17.0,
            19.0,
            21.0,
            23.0
          ],
          "eff": [
            0.016129032258064516,
            0.0,
            0.04477611940298507,
            0.0,
            0.029850746268656716,
            0.125,
            0.36923076923076925,
            0.671875,
            0.9340659340659341,
            0.9827586206896551
          ]
        },
        "0.55-0.88": {
          "snr": [
            5.0,
            7.0,
            9.0,
            11.0,
            13.0,
            15.0,
            17.0,
            19.0,
            21.0,
            23.0
          ],
          "eff": [
            0.0,
            0.0,
            0.0,
            0.0,
            0.11538461538461539,
            0.17391304347826086,
            0.46153846153846156,
            0.5454545454545454,
            0.9333333333333333,
            0.9565217391304348
          ]
        }
      }
    },
    "boxcar_bank": {
      "mf_distance_fraction": {
        "0.17-0.35": 0.40346165323783945,
        "0.35-0.55": 0.4519111512008118,
        "0.55-0.88": 0.44651162790697674
      },
      "eff_curves": {
        "0.17-0.35": {
          "snr": [
            5.0,
            7.0,
            9.0,
            11.0,
            13.0,
            15.0,
            17.0,
            19.0,
            21.0,
            23.0
          ],
          "eff": [
            0.04,
            0.06976744186046512,
            0.03076923076923077,
            0.018518518518518517,
            0.01694915254237288,
            0.07692307692307693,
            0.16417910447761194,
            0.3484848484848485,
            0.7142857142857143,
            0.8392857142857143
          ]
        },
        "0.35-0.55": {
          "snr": [
            5.0,
            7.0,
            9.0,
            11.0,
            13.0,
            15.0,
            17.0,
            19.0,
            21.0,
            23.0
          ],
          "eff": [
            0.016129032258064516,
            0.028985507246376812,
            0.05970149253731343,
            0.016129032258064516,
            0.07462686567164178,
            0.125,
            0.4153846153846154,
            0.65625,
            0.9340659340659341,
            0.9655172413793104
          ]
        },
        "0.55-0.88": {
          "snr": [
            5.0,
            7.0,
            9.0,
            11.0,
            13.0,
            15.0,
            17.0,
            19.0,
            21.0,
            23.0
          ],
          "eff": [
            0.0,
            0.0,
            0.0,
            0.0,
            0.11538461538461539,
            0.17391304347826086,
            0.46153846153846156,
            0.5454545454545454,
            0.8,
            0.9130434782608695
          ]
        }
      }
    },
    "count_above": {
      "mf_distance_fraction": {
        "0.17-0.35": 0.4028954258432158,
        "0.35-0.55": 0.4561178731582319,
        "0.55-0.88": 0.4546850998463902
      },
      "eff_curves": {
        "0.17-0.35": {
          "snr": [
            5.0,
            7.0,
            9.0,
            11.0,
            13.0,
            15.0,
            17.0,
            19.0,
            21.0,
            23.0
          ],
          "eff": [
            0.0,
            0.046511627906976744,
            0.0,
            0.0,
            0.0,
            0.038461538461538464,
            0.16417910447761194,
            0.3181818181818182,
            0.7428571428571429,
            0.8392857142857143
          ]
        },
        "0.35-0.55": {
          "snr": [
            5.0,
            7.0,
            9.0,
            11.0,
            13.0,
            15.0,
            17.0,
            19.0,
            21.0,
            23.0
          ],
          "eff": [
            0.016129032258064516,
            0.0,
            0.04477611940298507,
            0.016129032258064516,
            0.029850746268656716,
            0.125,
            0.4307692307692308,
            0.6875,
            0.8901098901098901,
            0.9655172413793104
          ]
        },
        "0.55-0.88": {
          "snr": [
            5.0,
            7.0,
            9.0,
            11.0,
            13.0,
            15.0,
            17.0,
            19.0,
            21.0,
            23.0
          ],
          "eff": [
            0.0,
            0.0,
            0.0,
            0.0,
            0.11538461538461539,
            0.17391304347826086,
            0.46153846153846156,
            0.5909090909090909,
            0.7666666666666667,
            0.8695652173913043
          ]
        }
      }
    },
    "oracle": {
      "mf_distance_fraction": {
        "0.17-0.35": 0.4018264840182648,
        "0.35-0.55": 0.4466473393809034,
        "0.55-0.88": 0.4546850998463902
      },
      "eff_curves": {
        "0.17-0.35": {
          "snr": [
            5.0,
            7.0,
            9.0,
            11.0,
            13.0,
            15.0,
            17.0,
            19.0,
            21.0,
            23.0
          ],
          "eff": [
            0.04,
            0.06976744186046512,
            0.015384615384615385,
            0.0,
            0.01694915254237288,
            0.11538461538461539,
            0.19402985074626866,
            0.3333333333333333,
            0.7,
            0.8392857142857143
          ]
        },
        "0.35-0.55": {
          "snr": [
            5.0,
            7.0,
            9.0,
            11.0,
            13.0,
            15.0,
            17.0,
            19.0,
            21.0,
            23.0
          ],
          "eff": [
            0.016129032258064516,
            0.028985507246376812,
            0.05970149253731343,
            0.016129032258064516,
            0.08955223880597014,
            0.125,
            0.36923076923076925,
            0.65625,
            0.9340659340659341,
            0.9827586206896551
          ]
        },
        "0.55-0.88": {
          "snr": [
            5.0,
            7.0,
            9.0,
            11.0,
            13.0,
            15.0,
            17.0,
            19.0,
            21.0,
            23.0
          ],
          "eff": [
            0.0,
            0.0,
            0.0,
            0.0,
            0.11538461538461539,
            0.17391304347826086,
            0.46153846153846156,
            0.5909090909090909,
            0.7666666666666667,
            0.9130434782608695
          ]
        }
      }
    }
  }
}