{
  "weights": "cnn_w64",
  "arch": "cnn",
  "window_sec": 64,
  "protocol": "full-signal segment injection, spliced sweep, masked stats",
  "n_injections": 1500,
  "test_hours": 6.774166666666667,
  "n_noise_windows": 384,
  "thresholds": {
    "max": 1.8170214891433716,
    "sum_track": 0.9514115575623996
  },
  "bank_k": [
    2,
    3,
    4,
    6,
    8
  ],
  "seed": 20261609,
  "results": {
    "max": {
      "mf_distance_fraction": {
        "0.17-0.35": 0.40724466830993467,
        "0.35-0.55": 0.4569340712481865,
        "0.55-0.88": 0.47571493418066274
      },
      "eff_curves": {
        "0.17-0.35": {
          "snr": [
            5.0,
            7.0,
            9.0,
            11.0,
            13.0,
            15.0,
            17.0,
            19.0,
            21.0,
            23.0
          ],
          "eff": [
            0.017543859649122806,
            0.0,
            0.013888888888888888,
            0.0,
            0.0,
            0.09836065573770492,
            0.15217391304347827,
            0.39285714285714285,
            0.7254901960784313,
            0.8695652173913043
          ]
        },
        "0.35-0.55": {
          "snr": [
            5.0,
            7.0,
            9.0,
            11.0,
            13.0,
            15.0,
            17.0,
            19.0,
            21.0,
            23.0
          ],
          "eff": [
            0.013333333333333334,
            0.028169014084507043,
            0.014925373134328358,
            0.015625,
            0.06172839506172839,
            0.2833333333333333,
            0.4262295081967213,
            0.7166666666666667,
            0.9365079365079365,
            0.9868421052631579
          ]
        },
        "0.55-0.88": {
          "snr": [
            5.0,
            7.0,
            9.0,
            11.0,
            13.0,
            15.0,
            17.0,
            19.0,
            21.0,
            23.0
          ],
          "eff": [
            0.0,
            0.0,
            0.0,
            0.041666666666666664,
            0.09090909090909091,
            0.20833333333333334,
            0.5294117647058824,
            0.8235294117647058,
            1.0,
            1.0
          ]
        }
      }
    },
    "sum_track": {
      "mf_distance_fraction": {
        "0.17-0.35": 0.4045375889252067,
        "0.35-0.55": 0.4629176854115729,
        "0.55-0.88": 0.47512038523274475
      },
      "eff_curves": {
        "0.17-0.35": {
          "snr": [
            5.0,
            7.0,
            9.0,
            11.0,
            13.0,
            15.0,
            17.0,
            19.0,
            21.0,
            23.0
          ],
          "eff": [
            0.0,
            0.0,
            0.041666666666666664,
            0.0,
            0.015151515151515152,
            0.06557377049180328,
            0.13043478260869565,
            0.35714285714285715,
            0.7254901960784313,
            0.8695652173913043
          ]
        },
        "0.35-0.55": {
          "snr": [
            5.0,
            7.0,
            9.0,
            11.0,
            13.0,
            15.0,
            17.0,
            19.0,
            21.0,
            23.0
          ],
          "eff": [
            0.0,
            0.014084507042253521,
            0.0,
            0.015625,
            0.06172839506172839,
            0.26666666666666666,
            0.45901639344262296,
            0.75,
            0.9682539682539683,
            0.9868421052631579
          ]
        },
        "0.55-0.88": {
          "snr": [
            5.0,
            7.0,
            9.0,
            11.0,
            13.0,
            15.0,
            17.0,
            19.0,
            21.0,
            23.0
          ],
          "eff": [
            0.0,
            0.058823529411764705,
            0.0,
            0.125,
            0.09090909090909091,
            0.16666666666666666,
            0.5294117647058824,
            0.8235294117647058,
            0.9565217391304348,
            1.0
          ]
        }
      }
    },
    "oracle": {
      "mf_distance_fraction": {
        "0.17-0.35": 0.4060701203558346,
        "0.35-0.55": 0.46413051764885266,
        "0.55-0.88": 0.47512038523274475
      },
      "eff_curves": {
        "0.17-0.35": {
          "snr": [
            5.0,
            7.0,
            9.0,
            11.0,
            13.0,
            15.0,
            17.0,
            19.0,
            21.0,
            23.0
          ],
          "eff": [
            0.0,
            0.03225806451612903,
            0.05555555555555555,
            0.018867924528301886,
            0.07575757575757576,
            0.09836065573770492,
            0.13043478260869565,
            0.35714285714285715,
            0.7647058823529411,
            0.8840579710144928
          ]
        },
        "0.35-0.55": {
          "snr": [
            5.0,
            7.0,
            9.0,
            11.0,
            13.0,
            15.0,
            17.0,
            19.0,
            21.0,
            23.0
          ],
          "eff": [
            0.0,
            0.014084507042253521,
            0.014925373134328358,
            0.015625,
            0.06172839506172839,
            0.23333333333333334,
            0.47540983606557374,
            0.6833333333333333,
            0.9841269841269841,
            0.9868421052631579
          ]
        },
        "0.55-0.88": {
          "snr": [
            5.0,
            7.0,
            9.0,
            11.0,
            13.0,
            15.0,
            17.0,
            19.0,
            21.0,
            23.0
          ],
          "eff": [
            0.0,
            0.058823529411764705,
            0.0,
            0.08333333333333333,
            0.09090909090909091,
            0.16666666666666666,
            0.5294117647058824,
            0.8235294117647058,
            0.9130434782608695,
            1.0
          ]
        }
      }
    }
  }
}