{
  "weights": "semicoherent_v1def",
  "n_injections": 1500,
  "n_noise_windows": 378,
  "threshold": -1.2135107517242432,
  "mf_distance_fraction": {
    "0.17-0.35": 0.0,
    "0.35-0.55": 0.0,
    "0.55-0.88": 0.0
  },
  "cnn_w64": {
    "0.17-0.35": 0.407,
    "0.35-0.55": 0.457,
    "0.55-0.88": 0.476
  },
  "oracle_ceiling": {
    "0.17-0.35": 0.663,
    "0.35-0.55": 0.764,
    "0.55-0.88": 0.752
  },
  "eff_curves": {
    "0.17-0.35": {
      "snr": [
        5.0,
        7.0,
        9.0,
        11.0,
        13.0,
        15.0,
        17.0,
        19.0,
        21.0,
        23.0
      ],
      "eff": [
        0.0,
        0.0,
        0.0,
        0.0,
        0.0,
        0.015151515151515152,
        0.0,
        0.0,
        0.0,
        0.0
      ]
    },
    "0.35-0.55": {
      "snr": [
        5.0,
        7.0,
        9.0,
        11.0,
        13.0,
        15.0,
        17.0,
        19.0,
        21.0,
        23.0
      ],
      "eff": [
        0.0,
        0.0,
        0.0,
        0.0,
        0.0,
        0.0,
        0.0,
        0.0,
        0.0,
        0.0
      ]
    },
    "0.55-0.88": {
      "snr": [
        5.0,
        7.0,
        9.0,
        11.0,
        13.0,
        15.0,
        17.0,
        19.0,
        21.0,
        23.0
      ],
      "eff": [
        0.0,
        0.0,
        0.0,
        0.0,
        0.0,
        0.0,
        0.0,
        0.0,
        0.0,
        0.0
      ]
    }
  },
  "seed": 20263943
}