{
  "weights": "semicoherent_v2",
  "n_injections": 1500,
  "n_noise_windows": 378,
  "threshold": 2.2659735679626465,
  "mf_distance_fraction": {
    "0.17-0.35": 0.0,
    "0.35-0.55": 0.0,
    "0.55-0.88": 0.0
  },
  "cnn_w64": {
    "0.17-0.35": 0.407,
    "0.35-0.55": 0.457,
    "0.55-0.88": 0.476
  },
  "oracle_ceiling": {
    "0.17-0.35": 0.663,
    "0.35-0.55": 0.764,
    "0.55-0.88": 0.752
  },
  "eff_curves": {
    "0.17-0.35": {
      "snr": [
        5.0,
        7.0,
        9.0,
        11.0,
        13.0,
        15.0,
        17.0,
        19.0,
        21.0,
        23.0
      ],
      "eff": [
        0.0,
        0.0,
        0.0,
        0.0,
        0.0,
        0.0,
        0.03278688524590164,
        0.0,
        0.01639344262295082,
        0.017241379310344827
      ]
    },
    "0.35-0.55": {
      "snr": [
        5.0,
        7.0,
        9.0,
        11.0,
        13.0,
        15.0,
        17.0,
        19.0,
        21.0,
        23.0
      ],
      "eff": [
        0.0,
        0.0,
        0.013513513513513514,
        0.014285714285714285,
        0.0,
        0.047619047619047616,
        0.04,
        0.014084507042253521,
        0.05555555555555555,
        0.07462686567164178
      ]
    },
    "0.55-0.88": {
      "snr": [
        5.0,
        7.0,
        9.0,
        11.0,
        13.0,
        15.0,
        17.0,
        19.0,
        21.0,
        23.0
      ],
      "eff": [
        0.0,
        0.0,
        0.0,
        0.0,
        0.034482758620689655,
        0.0,
        0.0,
        0.0,
        0.25,
        0.08695652173913043
      ]
    }
  },
  "seed": 20263943
}