{
  "protocol": "true-template chunked MF; clean=synthS, vetoed=newSNR(real), raw_real=S(real); chi2 chunk-consistency veto",
  "window_sec": 64,
  "n_injections": 48,
  "seed": 20261721,
  "thresholds": {
    "1": {
      "real_S": 27663.38299267708,
      "real_newsnr": 166.32312825544463,
      "synth_S": 42.00838438925014
    },
    "2": {
      "real_S": 65260.36538412203,
      "real_newsnr": 70.01675903801011,
      "synth_S": 43.32141758754227
    },
    "4": {
      "real_S": 65261.49646177656,
      "real_newsnr": 39.313139879353386,
      "synth_S": 49.75341188026125
    },
    "8": {
      "real_S": 76549.20710628561,
      "real_newsnr": 9.21369629579576,
      "synth_S": 67.2080668037333
    },
    "16": {
      "real_S": 142130.4093217964,
      "real_newsnr": 10.54932920553504,
      "synth_S": 91.63807183973339
    }
  },
  "cnn_w64_gate": {
    "0.17-0.35": 0.407,
    "0.35-0.55": 0.457,
    "0.55-0.88": 0.476
  },
  "ceilings": {
    "clean": {
      "n1": {
        "mf_distance_fraction": {
          "0.17-0.35": 0.7272727272727273,
          "0.35-0.55": 0.7272727272727273,
          "0.55-0.88": 0.0
        },
        "eff_curves": {
          "0.17-0.35": {
            "snr": [
              11.0,
              19.0
            ],
            "eff": [
              1.0,
              1.0
            ]
          },
          "0.35-0.55": {
            "snr": [
              11.0,
              15.0
            ],
            "eff": [
              1.0,
              1.0
            ]
          },
          "0.55-0.88": {
            "snr": [
              15.0
            ],
            "eff": [
              1.0
            ]
          }
        }
      },
      "n2": {
        "mf_distance_fraction": {
          "0.17-0.35": 0.7272727272727273,
          "0.35-0.55": 0.7272727272727273,
          "0.55-0.88": 0.0
        },
        "eff_curves": {
          "0.17-0.35": {
            "snr": [
              11.0,
              19.0
            ],
            "eff": [
              1.0,
              1.0
            ]
          },
          "0.35-0.55": {
            "snr": [
              11.0,
              15.0
            ],
            "eff": [
              1.0,
              1.0
            ]
          },
          "0.55-0.88": {
            "snr": [
              15.0
            ],
            "eff": [
              1.0
            ]
          }
        }
      },
      "n4": {
        "mf_distance_fraction": {
          "0.17-0.35": 0.7272727272727273,
          "0.35-0.55": 0.7272727272727273,
          "0.55-0.88": 0.0
        },
        "eff_curves": {
          "0.17-0.35": {
            "snr": [
              11.0,
              19.0
            ],
            "eff": [
              1.0,
              1.0
            ]
          },
          "0.35-0.55": {
            "snr": [
              11.0,
              15.0
            ],
            "eff": [
              1.0,
              1.0
            ]
          },
          "0.55-0.88": {
            "snr": [
              15.0
            ],
            "eff": [
              1.0
            ]
          }
        }
      },
      "n8": {
        "mf_distance_fraction": {
          "0.17-0.35": 0.7272727272727273,
          "0.35-0.55": 0.7272727272727273,
          "0.55-0.88": 0.0
        },
        "eff_curves": {
          "0.17-0.35": {
            "snr": [
              11.0,
              19.0
            ],
            "eff": [
              1.0,
              1.0
            ]
          },
          "0.35-0.55": {
            "snr": [
              11.0,
              15.0
            ],
            "eff": [
              1.0,
              1.0
            ]
          },
          "0.55-0.88": {
            "snr": [
              15.0
            ],
            "eff": [
              1.0
            ]
          }
        }
      },
      "n16": {
        "mf_distance_fraction": {
          "0.17-0.35": 0.7272727272727273,
          "0.35-0.55": 0.7272727272727273,
          "0.55-0.88": 0.0
        },
        "eff_curves": {
          "0.17-0.35": {
            "snr": [
              11.0,
              19.0
            ],
            "eff": [
              1.0,
              1.0
            ]
          },
          "0.35-0.55": {
            "snr": [
              11.0,
              15.0
            ],
            "eff": [
              1.0,
              1.0
            ]
          },
          "0.55-0.88": {
            "snr": [
              15.0
            ],
            "eff": [
              1.0
            ]
          }
        }
      }
    },
    "vetoed": {
      "n1": {
        "mf_distance_fraction": {
          "0.17-0.35": 0.0,
          "0.35-0.55": 0.0,
          "0.55-0.88": 0.0
        },
        "eff_curves": {
          "0.17-0.35": {
            "snr": [
              11.0,
              19.0
            ],
            "eff": [
              0.0,
              0.0
            ]
          },
          "0.35-0.55": {
            "snr": [
              11.0,
              15.0
            ],
            "eff": [
              0.0,
              0.0
            ]
          },
          "0.55-0.88": {
            "snr": [
              15.0
            ],
            "eff": [
              0.0
            ]
          }
        }
      },
      "n2": {
        "mf_distance_fraction": {
          "0.17-0.35": 0.0,
          "0.35-0.55": 0.0,
          "0.55-0.88": 0.0
        },
        "eff_curves": {
          "0.17-0.35": {
            "snr": [
              11.0,
              19.0
            ],
            "eff": [
              0.0,
              0.0
            ]
          },
          "0.35-0.55": {
            "snr": [
              11.0,
              15.0
            ],
            "eff": [
              0.0,
              0.0
            ]
          },
          "0.55-0.88": {
            "snr": [
              15.0
            ],
            "eff": [
              0.0
            ]
          }
        }
      },
      "n4": {
        "mf_distance_fraction": {
          "0.17-0.35": 0.0,
          "0.35-0.55": 0.0,
          "0.55-0.88": 0.0
        },
        "eff_curves": {
          "0.17-0.35": {
            "snr": [
              11.0,
              19.0
            ],
            "eff": [
              0.0,
              0.0
            ]
          },
          "0.35-0.55": {
            "snr": [
              11.0,
              15.0
            ],
            "eff": [
              0.0,
              0.0
            ]
          },
          "0.55-0.88": {
            "snr": [
              15.0
            ],
            "eff": [
              0.0
            ]
          }
        }
      },
      "n8": {
        "mf_distance_fraction": {
          "0.17-0.35": 0.5853658536585367,
          "0.35-0.55": 0.6728971962616822,
          "0.55-0.88": 0.0
        },
        "eff_curves": {
          "0.17-0.35": {
            "snr": [
              11.0,
              19.0
            ],
            "eff": [
              0.25,
              1.0
            ]
          },
          "0.35-0.55": {
            "snr": [
              11.0,
              15.0
            ],
            "eff": [
              0.42857142857142855,
              0.75
            ]
          },
          "0.55-0.88": {
            "snr": [
              15.0
            ],
            "eff": [
              0.5
            ]
          }
        }
      },
      "n16": {
        "mf_distance_fraction": {
          "0.17-0.35": 0.5333333333333333,
          "0.35-0.55": 0.6227544910179641,
          "0.55-0.88": 0.0
        },
        "eff_curves": {
          "0.17-0.35": {
            "snr": [
              11.0,
              19.0
            ],
            "eff": [
              0.0,
              1.0
            ]
          },
          "0.35-0.55": {
            "snr": [
              11.0,
              15.0
            ],