{
  "verdict": "COINCIDENT CANDIDATE: H1 SNR 22.4 + L1 SNR 28.8 -> network 36.4; dt = -1.95 ms (true -1.93 ms); 18 non-coincident peak(s) rejected (incl. any glitches)",
  "event_snr_h1": 22.0,
  "H1": {
    "snr": 22.375691486307712,
    "t": 1242196926.0129395,
    "t_err_ms": -0.09751319885253906
  },
  "L1": {
    "snr": 28.76529058795827,
    "t": 1242196926.0148926,
    "t_err_ms": -0.07414817810058594
  },
  "bank_mismatch": {
    "-0.01": 5.277145657566073,
    "-0.003": 7.104847774364983,
    "-0.001": 7.9035418876372106,
    "-0.0003": 12.773292743942957,
    "-0.0001": 16.17508881766518,
    "0.0": 22.375691486307705,
    "0.0001": 15.715599325182058,
    "0.0003": 12.680767430531379,
    "0.001": 9.062954757540046,
    "0.003": 6.1125350164825285,
    "0.01": 5.439340242406793
  }
}