{
  "budgets": [
    1000,
    4000
  ],
  "epochs": 40,
  "seeds": 3,
  "n_unlabeled_pretrain": 20000,
  "results": {
    "1000": {
      "scratch_auc": [
        0.53829184,
        0.53273536,
        0.54621376
      ],
      "pretrained_auc": [
        0.65775744,
        0.65038656,
        0.68043136
      ],
      "scratch_mean": 0.5390803200000001,
      "pretrained_mean": 0.6628584533333334,
      "delta_mean": 0.12377813333333332
    },
    "4000": {
      "scratch_auc": [
        0.6714208,
        0.67157504,
        0.69076672
      ],
      "pretrained_auc": [
        0.70298624,
        0.68783296,
        0.70555456
      ],
      "scratch_mean": 0.6779208533333333,
      "pretrained_mean": 0.6987912533333334,
      "delta_mean": 0.020870400000000067
    }
  },
  "ssl_helps": true
}