{
  "weights": "semicoherent_v2",
  "arch": "semicoherent_v2",
  "n_noise_windows": 378,
  "noise_hours": 6.72,
  "n_injections": 1500,
  "top8_noise_scores": [
    2.2659735679626465,
    1.3308948278427124,
    1.2636018991470337,
    1.1325198411941528,
    0.9664444327354431,
    0.7876965999603271,
    0.7711331844329834,
    0.7657173275947571
  ],
  "policies": {
    "max (0 FA)": {
      "threshold": 2.2659735679626465,
      "far": "0 in 6.7h",
      "frac": {
        "0.17-0.35": 0.0,
        "0.35-0.55": 0.0,
        "0.55-0.88": 0.0
      }
    },
    "drop top-1": {
      "threshold": 1.3308948278427124,
      "far": "1 in 6.7h",
      "frac": {
        "0.17-0.35": 0.0,
        "0.35-0.55": 0.0,
        "0.55-0.88": 0.0
      }
    },
    "drop top-2": {
      "threshold": 1.2636018991470337,
      "far": "2 in 6.7h",
      "frac": {
        "0.17-0.35": 0.0,
        "0.35-0.55": 0.0,
        "0.55-0.88": 0.0
      }
    },
    "drop top-1%%": {
      "threshold": 1.1325198411941528,
      "far": "~1%% FA",
      "frac": {
        "0.17-0.35": 0.0,
        "0.35-0.55": 0.0,
        "0.55-0.88": 0.0
      }
    },
    "p99": {
      "threshold": 1.0046417713165283,
      "far": "1%% FA",
      "frac": {
        "0.17-0.35": 0.0,
        "0.35-0.55": 0.0,
        "0.55-0.88": 0.34782608695652173
      }
    },
    "p95": {
      "threshold": 0.4736633598804474,
      "far": "5%% FA",
      "frac": {
        "0.17-0.35": 0.0,
        "0.35-0.55": 0.3614088820826953,
        "0.55-0.88": 0.34782608695652173
      }
    }
  },
  "cnn_w64": {
    "0.17-0.35": 0.407,
    "0.35-0.55": 0.457,
    "0.55-0.88": 0.476
  },
  "oracle_ceiling": {
    "0.17-0.35": 0.663,
    "0.35-0.55": 0.764,
    "0.55-0.88": 0.752
  },
  "seed": 20263943
}