{
  "weights": "semicoherent_v1def",
  "arch": "semicoherent",
  "n_noise_windows": 378,
  "noise_hours": 6.72,
  "n_injections": 1500,
  "top8_noise_scores": [
    -1.2135107517242432,
    -1.8736937046051025,
    -3.2222912311553955,
    -3.2559375762939453,
    -3.583451986312866,
    -3.767688274383545,
    -3.8672211170196533,
    -3.9060416221618652
  ],
  "policies": {
    "max (0 FA)": {
      "threshold": -1.2135107517242432,
      "far": "0 in 6.7h",
      "frac": {
        "0.17-0.35": 0.0,
        "0.35-0.55": 0.0,
        "0.55-0.88": 0.0
      }
    },
    "drop top-1": {
      "threshold": -1.8736937046051025,
      "far": "1 in 6.7h",
      "frac": {
        "0.17-0.35": 0.0,
        "0.35-0.55": 0.0,
        "0.55-0.88": 0.0
      }
    },
    "drop top-2": {
      "threshold": -3.2222912311553955,
      "far": "2 in 6.7h",
      "frac": {
        "0.17-0.35": 0.0,
        "0.35-0.55": 0.0,
        "0.55-0.88": 0.0
      }
    },
    "drop top-1%%": {
      "threshold": -3.2559375762939453,
      "far": "~1%% FA",
      "frac": {
        "0.17-0.35": 0.0,
        "0.35-0.55": 0.0,
        "0.55-0.88": 0.0
      }
    },
    "p99": {
      "threshold": -3.5081236362457275,
      "far": "1%% FA",
      "frac": {
        "0.17-0.35": 0.0,
        "0.35-0.55": 0.0,
        "0.55-0.88": 0.0
      }
    },
    "p95": {
      "threshold": -3.9911694526672363,
      "far": "5%% FA",
      "frac": {
        "0.17-0.35": 0.0,
        "0.35-0.55": 0.0,
        "0.55-0.88": 0.0
      }
    }
  },
  "cnn_w64": {
    "0.17-0.35": 0.407,
    "0.35-0.55": 0.457,
    "0.55-0.88": 0.476
  },
  "oracle_ceiling": {
    "0.17-0.35": 0.663,
    "0.35-0.55": 0.764,
    "0.55-0.88": 0.752
  },
  "seed": 20263943
}