{"best_lr": 0.001, "aucs": {"3e-04": 0.5086598771649693, "1e-03": 0.6660061665015417, "3e-03": 0.6393581598395399}}