{
  "event": "GW250114_082203",
  "anchor": {
    "mass": 70.76748803129934,
    "chi": 0.6816856562295731
  },
  "deltas": [
    -0.4,
    -0.36000000000000004,
    -0.32,
    -0.28,
    -0.24000000000000002,
    -0.2,
    -0.16000000000000003,
    -0.12,
    -0.08000000000000002,
    -0.040000000000000036,
    0.0,
    0.03999999999999998,
    0.07999999999999996,
    0.12,
    0.16000000000000003,
    0.19999999999999996,
    0.24,
    0.28,
    0.31999999999999995,
    0.36,
    0.4
  ],
  "costs": [
    350.1391139119136,
    349.17608280675756,
    348.0042373073306,
    346.59679415188396,
    345.0916020338992,
    344.2311152344623,
    344.07672415521233,
    344.1543267586044,
    344.34146310315276,
    344.5902465130125,
    344.87975982227164,
    345.20128851847863,
    345.5525635987014,
    346.6227375672087,
    346.35277668497463,
    346.81063769615923,
    347.3139099365677,
    347.86670754724264,
    348.47071297199216,
    349.1240267439855,
    349.82051877706976
  ],
  "delta_best": -0.16000000000000003,
  "injections_delta_hat": [
    0.4,
    0.4,
    0.4,
    -0.4,
    0.07999999999999996,
    0.4,
    -0.4,
    0.4,
    -0.4,
    -0.4,
    0.24,
    0.4
  ],
  "sigma": 0.360493488922554,
  "verdict": "consistent-with-Kerr"
}