{
  "event": "GW250114_082203",
  "coverage90x90": 0.825,
  "injection_medians": [
    [
      65.61115264892578,
      0.6638978719711304
    ],
    [
      80.79310607910156,
      0.8179787993431091
    ],
    [
      70.5016098022461,
      0.7466171979904175
    ],
    [
      77.17217254638672,
      0.8053547739982605
    ],
    [
      56.71073532104492,
      0.4154864549636841
    ],
    [
      71.4610595703125,
      0.7117987871170044
    ],
    [
      72.63729858398438,
      0.7410290241241455
    ],
    [
      74.16814422607422,
      0.7706029415130615
    ]
  ],
  "posterior": {
    "mass": [
      78.80340957641602,
      68.55447731018066,
      89.50893363952636
    ],
    "chi": [
      0.7872401475906372,
      0.6407166182994842,
      0.8868774384260177
    ]
  }
}