{
  "T": 1.05,
  "coverage_heldout": [
    0.9075,
    0.9225,
    0.9025
  ],
  "coverage_raw": [
    0.8925,
    0.8975,
    0.87
  ],
  "gw250114_delta": [
    -0.1620241105556488,
    -0.45987184941768644,
    0.3343527778983116
  ],
  "kerr_inside_90": true
}