{
  "auc": 0.5328855,
  "specificity": 0.5515,
  "overtone_snr50": 4.260756742636461,
  "ece": 0.26410305920988325,
  "reliability": [
    [
      0.058214787393808365,
      0.4837310314178467,
      461
    ],
    [
      0.1489214301109314,
      0.4677419364452362,
      558
    ],
    [
      0.24946516752243042,
      0.483091801404953,
      414
    ],
    [
      0.3499269187450409,
      0.4881656765937805,
      338
    ],
    [
      0.44809091091156006,
      0.4655737578868866,
      305
    ],
    [
      0.5486781001091003,
      0.4906367063522339,
      267
    ],
    [
      0.6483619809150696,
      0.4860139787197113,
      286
    ],
    [
      0.7512598037719727,
      0.49013158679008484,
      304
    ],
    [
      0.8527421355247498,
      0.5170603394508362,
      381
    ],
    [
      0.9582546353340149,
      0.5728862881660461,
      686
    ]
  ],
  "real_noise": {
    "1tone": [
      0.14585237205028534,
      0.9954928159713745,
      0.6276497840881348,
      0.0491376593708992,
      0.9991902709007263,
      0.7781566381454468
    ],
    "2tone": [
      0.9986609220504761,
      0.9999971389770508,
      0.8388223648071289,
      0.9934651255607605,
      0.03977470099925995,
      0.6968544721603394
    ]
  },
  "application": {
    "GW250114": 0.6866419315338135,
    "GW150914": 0.4577055275440216
  },
  "n_train": 80000,
  "amp_frac_prior": [
    0.1,
    1.5
  ]
}