{
  "auc": 0.7284485,
  "specificity": 0.767,
  "overtone_snr50": 6.510014940256552,
  "ece": 0.05691199969872834,
  "reliability": [
    [
      0.08418279141187668,
      0.24242424964904785,
      33
    ],
    [
      0.16154509782791138,
      0.23676012456417084,
      321
    ],
    [
      0.25381577014923096,
      0.33519554138183594,
      716
    ],
    [
      0.3491520881652832,
      0.39276137948036194,
      746
    ],
    [
      0.4471379220485687,
      0.41016948223114014,
      590
    ],
    [
      0.5456073880195618,
      0.4770408272743225,
      392
    ],
    [
      0.6473015546798706,
      0.5709219574928284,
      282
    ],
    [
      0.7512810230255127,
      0.6910994648933411,
      191
    ],
    [
      0.8518476486206055,
      0.7711442708969116,
      201
    ],
    [
      0.9759864807128906,
      0.9576107859611511,
      519
    ]
  ],
  "real_noise": {
    "1tone": [
      0.9999983310699463,
      1.0,
      1.0,
      0.9979403614997864,
      0.9984690546989441,
      0.9578173160552979
    ],
    "2tone": [
      0.9999998807907104,
      1.0,
      0.9999921321868896,
      1.0,
      0.9998499155044556,
      0.9999947547912598
    ]
  },
  "application": {
    "GW250114": 0.19757524132728577,
    "GW150914": 0.34091171622276306
  },
  "n_train": 80000,
  "amp_frac_prior": [
    0.1,
    1.5
  ]
}