{
  "auc": 0.60710675,
  "specificity": 0.63025,
  "overtone_snr50": 4.984606835099956,
  "ece": 0.005948114372789859,
  "reliability": [
    [
      0.3768184781074524,
      0.37148594856262207,
      498
    ],
    [
      0.45549464225769043,
      0.4569683372974396,
      1801
    ],
    [
      0.5360849499702454,
      0.5245901346206665,
      1159
    ],
    [
      0.642756462097168,
      0.655063271522522,
      316
    ],
    [
      0.7457488179206848,
      0.7482993006706238,
      147
    ],
    [
      0.8531062602996826,
      0.8450704216957092,
      71
    ],
    [
      0.9157280921936035,
      0.875,
      8
    ]
  ],
  "real_noise": {
    "1tone": [
      0.9704593420028687,
      0.9726752042770386,
      0.5889959335327148,
      0.6590243577957153,
      0.7807051539421082,
      0.7883341908454895
    ],
    "2tone": [
      0.6942103505134583,
      0.8153977990150452,
      0.8806210160255432,
      0.6212225556373596,
      0.941596508026123,
      0.6707310676574707
    ]
  },
  "application": {
    "GW250114": 0.3145411014556885,
    "GW150914": 0.46854597330093384
  },
  "n_train": 40000,
  "amp_frac_prior": [
    0.1,
    1.5
  ]
}