{
  "auc": 0.6266375,
  "specificity": 0.624,
  "overtone_snr50": 7.160764435888375,
  "ece": 0.2113357326835394,
  "reliability": [
    [
      0.05917247012257576,
      0.3840000033378601,
      500
    ],
    [
      0.148213192820549,
      0.4128919839859009,
      574
    ],
    [
      0.24860811233520508,
      0.44470587372779846,
      425
    ],
    [
      0.34718671441078186,
      0.431547611951828,
      336
    ],
    [
      0.4479895830154419,
      0.4125412404537201,
      303
    ],
    [
      0.5481492280960083,
      0.447761207818985,
      268
    ],
    [
      0.6522863507270813,
      0.5256410241127014,
      234
    ],
    [
      0.7524223923683167,
      0.4961538314819336,
      260
    ],
    [
      0.8522815108299255,
      0.5483871102333069,
      341
    ],
    [
      0.9669564366340637,
      0.7189631462097168,
      733
    ]
  ],
  "real_noise": {
    "1tone": [
      0.9986099004745483,
      0.9994552731513977,
      0.9919373393058777,
      0.9998925924301147,
      0.9999688863754272,
      0.9615418910980225
    ],
    "2tone": [
      0.9071141481399536,
      1.0,
      1.0,
      0.9999994039535522,
      0.9996577501296997,
      0.9999998807907104
    ]
  },
  "application": {
    "GW250114": 0.20053385198116302,
    "GW150914": 0.0672679916024208
  },
  "n_train": 80000,
  "amp_frac_prior": [
    0.1,
    1.5
  ]
}