{
  "auc": 0.71637625,
  "specificity": 0.72075,
  "overtone_snr50": 6.221604738986354,
  "ece": 0.119901233445853,
  "reliability": [
    [
      0.06455595046281815,
      0.24782608449459076,
      230
    ],
    [
      0.15444594621658325,
      0.31785714626312256,
      560
    ],
    [
      0.2489555925130844,
      0.38671210408210754,
      587
    ],
    [
      0.3463299870491028,
      0.39344263076782227,
      488
    ],
    [
      0.44562846422195435,
      0.4182305634021759,
      373
    ],
    [
      0.548000156879425,
      0.4642857015132904,
      336
    ],
    [
      0.6495616436004639,
      0.5263158082962036,
      247
    ],
    [
      0.7489920854568481,
      0.4587155878543854,
      218
    ],
    [
      0.8465370535850525,
      0.6490384340286255,
      208
    ],
    [
      0.977025032043457,
      0.8643791079521179,
      612
    ]
  ],
  "real_noise": {
    "1tone": [
      1.0,
      1.0,
      1.0,
      0.9999998807907104,
      0.7857598066329956,
      0.9993939399719238
    ],
    "2tone": [
      1.0,
      1.0,
      1.0,
      1.0,
      1.0,
      1.0
    ]
  },
  "application": {
    "GW250114": 0.1526375412940979,
    "GW150914": 0.2792929410934448
  },
  "n_train": 80000,
  "amp_frac_prior": [
    0.1,
    1.5
  ]
}