{
  "auc": 0.71728475,
  "specificity": 0.761,
  "overtone_snr50": 7.209859871645587,
  "ece": 0.07339883317798376,
  "reliability": [
    [
      0.08577583730220795,
      0.1764705926179886,
      34
    ],
    [
      0.16014894843101501,
      0.2798982262611389,
      393
    ],
    [
      0.2527991235256195,
      0.3398328721523285,
      718
    ],
    [
      0.3483648896217346,
      0.4002869427204132,
      697
    ],
    [
      0.44504544138908386,
      0.43968871235847473,
      514
    ],
    [
      0.5457244515419006,
      0.48129674792289734,
      401
    ],
    [
      0.6446998119354248,
      0.48091602325439453,
      262
    ],
    [
      0.7512513399124146,
      0.6456310749053955,
      206
    ],
    [
      0.8523316383361816,
      0.7165775299072266,
      187
    ],
    [
      0.9775720238685608,
      0.9320557713508606,
      574
    ]
  ],
  "real_noise": {
    "1tone": [
      1.0,
      1.0,
      0.9966024160385132,
      1.0,
      0.9999997615814209,
      0.9999065399169922
    ],
    "2tone": [
      0.9997538924217224,
      0.9856374859809875,
      1.0,
      1.0,
      0.9999959468841553,
      0.9999967813491821
    ]
  },
  "application": {
    "GW250114": 0.11154564470052719,
    "GW150914": 0.16667108237743378
  },
  "n_train": 80000,
  "amp_frac_prior": [
    0.1,
    1.5
  ]
}