{
  "GW250114_082203": {
    "M": [
      76.3431282043457,
      68.05819892883301,
      85.94425888061524
    ],
    "chi": [
      0.7657371759414673,
      0.6091916054487229,
      0.8648733347654343
    ],
    "delta": [
      -0.15089819580316544,
      -0.4587454304099083,
      0.3244132012128829
    ]
  },
  "GW150914": {
    "M": [
      64.71823501586914,
      52.740413665771484,
      85.02547302246093
    ],
    "chi": [
      0.4970962852239609,
      0.11818036139011383,
      0.8438598245382309
    ],
    "delta": [
      -0.04990603215992451,
      -0.4531622141599655,
      0.44850652813911435
    ]
  },
  "GW170814": {
    "M": [
      68.59331512451172,
      50.34787082672119,
      95.56506462097168
    ],
    "chi": [
      0.47971077263355255,
      0.1100388452410698,
      0.8239141881465912
    ],
    "delta": [
      -0.04517134092748165,
      -0.45997540801763537,
      0.43744389116764065
    ]
  },
  "GW170104": {
    "M": [
      66.17631149291992,
      51.44825687408447,
      88.49627838134765
    ],
    "chi": [
      0.5834074914455414,
      0.13971247225999833,
      0.9034658759832382
    ],
    "delta": [
      -0.1284772977232933,
      -0.48541524857282636,
      0.42731437385082244
    ]
  },
  "GW200129_065458": {
    "M": [
      74.65321731567383,
      58.17115116119385,
      96.39185256958008
    ],
    "chi": [
      0.646549254655838,
      0.17534940540790558,
      0.9010635912418365
    ],
    "delta": [
      0.0638672299683094,
      -0.42309821844100953,
      0.46205344498157497
    ]
  },
  "GW190828_063405": {
    "M": [
      80.59093475341797,
      59.421304321289064,
      105.14755477905273
    ],
    "chi": [
      0.5586544871330261,
      0.1354246273636818,
      0.8665443360805511
    ],
    "delta": [
      -0.047068607062101364,
      -0.46250682026147844,
      0.4773130089044571
    ]
  },
  "GW170809": {
    "M": [
      54.00770378112793,
      42.753936004638675,
      74.82459259033203
    ],
    "chi": [
      0.4745146632194519,
      0.10402505546808243,
      0.8326155066490173
    ],
    "delta": [
      -0.050742316991090775,
      -0.4574949249625206,
      0.4495012164115906
    ]
  },
  "GW170818": {
    "M": [
      59.338640213012695,
      44.542701721191406,
      86.71536102294922
    ],
    "chi": [
      0.5183441936969757,
      0.10398019850254059,
      0.8903088957071303
    ],
    "delta": [
      -0.06589896604418755,
      -0.4792199432849884,
      0.4561612635850906
    ]
  }
}