{
  "T": 1.05,
  "n_per_case": 80,
  "control_delta_mean": 0.01939591503178235,
  "imr_peak": {
    "a": {
      "f_ring": 215.188746264151,
      "delta_mean": -0.33346918150782584,
      "delta_std": 0.044907093912834505
    },
    "b": {
      "f_ring": 217.752207627393,
      "delta_mean": -0.3481391491368413,
      "delta_std": 0.043751884137026346
    },
    "c": {
      "f_ring": 225.9881748929657,
      "delta_mean": -0.33707803543657067,
      "delta_std": 0.049199252128662205
    }
  },
  "peak_bias": 0.3481391491368413,
  "start_time_sweep_ms": {
    "0.0": -0.32656733635812996,
    "2.0": -0.2900158352218568,
    "4.0": -0.21055131906177849,
    "6.0": -0.013510219846648398
  },
  "bias_shrinks_late": true
}