{
  "event": "GW250114_082203",
  "T": 1.05,
  "offsets_ms": [
    0.0,
    2.0,
    4.0,
    6.0,
    8.0,
    12.0
  ],
  "delta_vs_start": {
    "0.0": {
      "median": -0.16068318486213684,
      "lo": -0.4594455659389496,
      "hi": 0.32074102759361267,
      "kerr_inside_90": true
    },
    "2.0": {
      "median": 0.06803042441606522,
      "lo": -0.4100823402404785,
      "hi": 0.46204450726509094,
      "kerr_inside_90": true
    },
    "4.0": {
      "median": -0.09205952286720276,
      "lo": -0.4710240364074707,
      "hi": 0.4225810766220093,
      "kerr_inside_90": true
    },
    "6.0": {
      "median": -0.1537599265575409,
      "lo": -0.4853059649467468,
      "hi": 0.4333863854408264,
      "kerr_inside_90": true
    },
    "8.0": {
      "median": -0.08326137065887451,
      "lo": -0.47462761402130127,
      "hi": 0.4469204246997833,
      "kerr_inside_90": true
    },
    "12.0": {
      "median": 0.01386314444243908,
      "lo": -0.4403483271598816,
      "hi": 0.416970431804657,
      "kerr_inside_90": true
    }
  },
  "peak_to_late_drift": 0.17454632930457592,
  "all_kerr_consistent": true
}