{
  "GW250114_082203": {
    "gps": 1420878141.2,
    "tone220_1mode": {
      "f": 230.07702406493252,
      "tau": 0.005582983020871107,
      "amp": {
        "H1": 9.91124065721053,
        "L1": 6.362867526015878
      },
      "phi": {
        "H1": 2.96592031103916,
        "L1": 3.0762999641661257
      },
      "M_inv": 84.10948780644243,
      "chi_inv": 0.8190276300857309,
      "cost": 360.8876392429208
    },
    "twotone": {
      "f220": 257.76057345088043,
      "tau220": 0.004944028112360777,
      "f221": 214.0773538531886,
      "tau221": 0.0024999999999999996,
      "amp220": {
        "H1": 9.385503379772922,
        "L1": 6.538196085015863
      },
      "amp221": {
        "H1": 16.558782539627927,
        "L1": 5.128939319850929
      },
      "phi220": {
        "H1": 1.427774451051864,
        "L1": 2.147350610083813
      },
      "phi221": {
        "H1": -2.3068811702490133,
        "L1": -1.9898007677257168
      },
      "M220_inv": 74.76483226031041,
      "chi220_inv": 0.8154877102255288,
      "cost": 341.20158502340985
    },
    "tone220_railed": false,
    "tone221_reliable": false
  },
  "GW150914": {
    "gps": 1126259462.4,
    "tone220_1mode": {
      "f": 225.91591234972353,
      "tau": 0.006103033744354259,
      "amp": {
        "H1": 3.8722088810778827,
        "L1": 0.7831700188388336
      },
      "phi": {
        "H1": -0.6579338903372449,
        "L1": -0.5563562911707332
      },
      "M_inv": 88.76739340335953,
      "chi_inv": 0.8475691121663517,
      "cost": 220.4986861319333
    },
    "twotone": {
      "f220": 253.2817069973471,
      "tau220": 0.0066901259686744695,
      "f221": 180.00000000104816,
      "tau221": 0.0015976329030659335,
      "amp220": {
        "H1": 3.9806724214123665,
        "L1": 0.5930449220146526
      },
      "amp221": {
        "H1": 9.32913157833584,
        "L1": 0.7536301190273125
      },
      "phi220": {
        "H1": -2.005392115888946,
        "L1": -0.8656994377687208
      },
      "phi221": {
        "H1": 0.8363331992217493,
        "L1": -0.8384441657405006
      },
      "M220_inv": 86.63855680547414,
      "chi220_inv": 0.9062818323264901,
      "cost": 208.27663496020836
    },
    "tone220_railed": false,
    "tone221_reliable": false
  },
  "GW170814": {
    "gps": 1186741861.5,
    "tone220_1mode": {
      "f": 280.3905617261364,
      "tau": 0.0027560583156428053,
      "amp": {
        "H1": 2.22984220876837,
        "L1": 2.7989999800993988
      },
      "phi": {
        "H1": 2.6030101652539623,
        "L1": 1.589835683306923
      },
      "M_inv": 48.97201658443594,
      "chi_inv": 0.32835717046209795,
      "cost": 77.69388398879008
    },
    "twotone": {
      "f220": 229.26018179247777,
      "tau220": 0.011999999999999995,
      "f221": 239.2137516332409,
      "tau221": 0.0024999999999999996,
      "amp220": {
        "H1": 0.8952446976154577,
        "L1": 4.122746749152544
      },
      "amp221": {
        "H1": 3.18868494666574,
        "L1": 1.1773617368952987
      },
      "phi220": {
        "H1": -0.9863308989501922,
        "L1": 2.9133300156266553
      },
      "phi221": {
        "H1": 2.5763126607575257,
        "L1": -0.11176286111574288
      },
      "M220_inv": 111.1606016860312,
      "chi220_inv": 0.9683752020134265,
      "cost": 76.45587888014973
    },
    "tone220_railed": false,
    "tone221_reliable": false
  },
  "GW170104": {
    "gps": 1167559936.6,
    "tone220_1mode": {
      "f": 219.04694448616223,
      "tau": 0.008144452913862354,
      "amp": {
        "H1": 1.6670749093445705,
        "L1": 2.1990568840528173
      },
      "phi": {
        "H1": -0.30886178396797553,
        "L1": -1.1290989121140964
      },
      "M_inv": 102.16675923015322,
      "chi_inv": 0.9167766375772358,
      "cost": 178.62918359692583
    },
    "twotone": {
      "f220": 222.5691174293482,
      "tau220": 0.008460950966928229,
      "f221": 180.00000037828727,
      "tau221": 0.0020562709819870947,
      "amp220": {
        "H1": 1.23585308380764,
        "L1": 2.3582162690276274
      },
      "amp221": {
        "H1": 1.0374754488365185,
        "L1": 2.1153112619839116
      },
      "phi220": {
        "H1": -0.2444882759514093,
        "L1": -1.5050247660227265
      },
      "phi221": {
        "H1": -0.3987028345585852,
        "L1": 0.9849880954546834
      },
      "M220_inv": 102.53396454882501,
      "chi220_inv": 0.926462008297918,
      "cost": 176.6811271274821
    },
    "tone220_railed": false,
    "tone221_reliable": false
  },
  "GW200129_065458": {
    "gps": 1264316116.4,
    "tone220_1mode": {
      "f": 180.00000000000003,
      "tau": 0.009378130121985132,
      "amp": {
        "H1": 2.576332783442571,
        "L1": 3.662410793522402
      },
      "phi": {
        "H1": 0.23868371046846615,
        "L1": -1.8892094308403362
      },
      "M_inv": 121.7292806163972,
      "chi_inv": 0.9054535591181754,
      "cost": 260.66548776600655
    },
    "twotone": {
      "f220": 185.58372082774608,
      "tau220": 0.007566927039489871,
      "f221": 223.95504428099522,
      "tau221": 0.0024999999999999996,
      "amp220": {
        "H1": 2.927173157184306,
        "L1": 6.9359710841622535
      },
      "amp221": {
        "H1": 3.0193418075378666,
        "L1": 8.608462195940296
      },
      "phi220": {
        "H1": 0.549569619277928,
        "L1": -2.6037438924653857
      },
      "phi221": {
        "H1": -1.766779770409855,
        "L1": -0.3161032871005261
      },
      "M220_inv": 109.01580014861402,
      "chi220_inv": 0.8541384901207869,
      "cost": 220.17684316955882
    },
    "tone220_railed": true,
    "tone221_reliable": false
  },
  "GW190828_063405": {
    "gps": 1251009263.7,
    "tone220_1mode": {
      "f": 206.77906993350595,
      "tau": 0.005160067674386923,
      "amp": {
        "H1": 2.3530559467917884,
        "L1": 1.8212319259898817
      },
      "phi": {
        "H1": -0.350882724342475,
        "L1": 2.6396329218549717
      },
      "M_inv": 84.12182618551988,
      "chi_inv": 0.7126079247050987,
      "cost": 156.93958849476766
    },
    "twotone": {
      "f220": 250.45350146149738,
      "tau220": 0.008229891088596956,
      "f221": 230.70688062114468,
      "tau221": 0.0024999999958894153,
      "amp220": {
        "H1": 2.7967847536758694,
        "L1": 2.131134801938698
      },
      "amp221": {
        "H1": 6.234049041867083,
        "L1": 4.433795455756943
      },
      "phi220": {
        "H1": -2.9024282819438523,
        "L1": 0.24145836381419034
      },
      "phi221": {
        "H1": 0.15004358130040543,
        "L1": -3.1118216056788164
      },
      "M220_inv": 93.92292608994451,
      "chi220_inv": 0.9400690396835822,
      "cost": 146.56879113718065
    },
    "tone220_railed": false,
    "tone221_reliable": false
  },
  "GW170809": {
    "gps": 1186302519.8,
    "tone220_1mode": {
      "f": 274.84765957375544,
      "tau": 0.0020000000000001163,
      "amp": {
        "H1": 1.74250900595345,
        "L1": 0.8144876510057608
      },
      "phi": {
        "H1": 2.345755865387485,
        "L1": -2.0455977218936656
      },
      "M_inv": null,
      "chi_inv": null,
      "cost": 153.41145978985344
    },
    "twotone": {
      "f220": 180.00000000000608,
      "tau220": 0.011999999999791596,
      "f221": 228.505746165156,
      "tau221": 0.0012869514828872776,
      "amp220": {
        "H1": 0.8939652806885392,
        "L1": 0.12600948625198596
      },
      "amp221": {
        "H1": 3.5315348620057625,
        "L1": 1.0323403869243528
      },
      "phi220": {
        "H1": -0.6333310557909511,
        "L1": -2.131246304294775
      },
      "phi221": {
        "H1": 2.180365521238419,
        "L1": -1.821304363982539
      },
      "M220_inv": 132.6123791104798,
      "chi220_inv": 0.9460469663917159,
      "cost": 150.46119142693288
    },
    "tone220_railed": true,
    "tone221_reliable": false
  },