{
  "duration": 0.05,
  "ds": 2,
  "flow": 20.0,
  "targets": {
    "GW150914": {
      "t0": 1126259462.4083147,
      "ra": 1.95,
      "dec": -1.27,
      "psi": 0.82
    },
    "GW250114_082203": {
      "t0": 1420878141.2362,
      "ra": 2.35,
      "dec": 0.22,
      "psi": 1.37
    }
  },
  "GW150914_n2": {
    "n_modes": 2,
    "diagnostics": {
      "rhat_m": 1.0031912193257564,
      "ess_m": 987.9750473452565,
      "rhat_chi": 1.0031646714757523,
      "ess_chi": 951.9738801732159,
      "rhat_a": 1.004307879506637,
      "ess_a": 1097.0511184524105
    },
    "m": {
      "q5": 60.57979436867814,
      "q25": 70.54616339500305,
      "q50": 77.52841142239721,
      "q75": 84.35225369023551,
      "q95": 96.17341250964593
    },
    "chi": {
      "q5": 0.3664501778667445,
      "q25": 0.6435656888731234,
      "q50": 0.7638101308359342,
      "q75": 0.8456903389128759,
      "q95": 0.930112787363421
    },
    "a": {
      "mode0": {
        "q5": 1.605005077355392e-21,
        "q25": 2.5413555748919885e-21,
        "q50": 3.1666661214215406e-21,
        "q75": 3.997565644699167e-21,
        "q95": 5.738349205169527e-21
      },
      "mode1": {
        "q5": 2.811553070831873e-22,
        "q25": 1.4090132540657166e-21,
        "q50": 2.747620917656903e-21,
        "q75": 4.573325769386049e-21,
        "q95": 9.23502280311546e-21
      }
    },
    "f": {
      "mode0": {
        "q5": 219.32539855201196,
        "q25": 229.23897270471247,
        "q50": 235.28650426428732,
        "q75": 241.13936447278869,
        "q95": 250.37697420465514
      },
      "mode1": {
        "q5": 212.013051242168,
        "q25": 224.37143717287435,
        "q50": 231.03438088161113,
        "q75": 237.83049452423842,
        "q95": 247.25474385293796
      }
    },
    "g": {
      "mode0": {
        "q5": 125.26719080493632,
        "q25": 172.55991179662016,
        "q50": 203.1464831537699,
        "q75": 237.77802509598405,
        "q95": 291.7688602572896
      },
      "mode1": {
        "q5": 373.33965467761163,
        "q25": 519.6517933847475,
        "q50": 615.1087742810801,
        "q75": 723.8925575094879,
        "q95": 891.8236614192568
      }
    },
    "a221_frac_below_10pct_median": 0.04925,
    "a221_over_a220_median": 0.9236996117475234
  },
  "GW250114_082203_n1": {
    "n_modes": 1,
    "diagnostics": {
      "rhat_m": 1.0018119416229372,
      "ess_m": 3380.575494391307,
      "rhat_chi": 1.0018461860695729,
      "ess_chi": 3351.706284160894,
      "rhat_a": 1.00040889089866,
      "ess_a": 3995.703704371351
    },
    "m": {
      "q5": 80.39045600466257,
      "q25": 82.86363000898689,
      "q50": 84.57614010718046,
      "q75": 86.21718092327447,
      "q95": 88.50572900631781
    },
    "chi": {
      "q5": 0.727292755992073,
      "q25": 0.7607142682098189,
      "q50": 0.7830677304640207,
      "q75": 0.8026714532615226,
      "q95": 0.8280204853246583
    },
    "a": {
      "mode0": {
        "q5": 2.37471881654808e-21,
        "q25": 2.8148124257482946e-21,
        "q50": 3.2107404133111806e-21,
        "q75": 3.5971403326376725e-21,
        "q95": 4.17186971473654e-21
      }
    },
    "f": {
      "mode0": {
        "q5": 217.03038452124457,
        "q25": 218.85831201960926,
        "q50": 220.09340291937264,
        "q75": 221.38401264997762,
        "q95": 223.15474226183585
      }
    },
    "g": {
      "mode0": {
        "q5": 168.3247327998301,
        "q25": 177.04242444448468,
        "q50": 183.66993372382393,
        "q75": 190.52979645764566,
        "q95": 200.76013072975354
      }
    }
  },
  "GW250114_082203_n2": {
    "n_modes": 2,
    "diagnostics": {
      "rhat_m": 1.0014744100830915,
      "ess_m": 3547.1943716486635,
      "rhat_chi": 1.000965797253733,
      "ess_chi": 3627.784455258759,
      "rhat_a": 1.0005377715250876,
      "ess_a": 3433.766787542699
    },
    "m": {
      "q5": 70.44069773385863,
      "q25": 72.96290009551299,
      "q50": 74.76627789408292,
      "q75": 76.44949563639851,
      "q95": 78.95256420421634
    },
    "chi": {
      "q5": 0.6440253614584668,
      "q25": 0.6972479936794118,
      "q50": 0.7289747014120042,
      "q75": 0.7588610092533518,
      "q95": 0.7950427869280424
    },
    "a": {
      "mode0": {
        "q5": 2.877867341213103e-21,
        "q25": 3.1858592713815928e-21,
        "q50": 3.4981886032972186e-21,
        "q75": 4.000269707000005e-21,
        "q95": 5.0120271562994055e-21
      },
      "mode1": {
        "q5": 2.4266664361195567e-21,
        "q25": 2.983777840535021e-21,
        "q50": 3.590926511441037e-21,
        "q75": 4.584094672970219e-21,
        "q95": 6.475169834563717e-21
      }
    },
    "f": {
      "mode0": {
        "q5": 230.32050037506193,
        "q25": 233.85266009712603,
        "q50": 236.31648594805728,
        "q75": 238.74622502219185,
        "q95": 242.2749494233863
      },
      "mode1": {
        "q5": 225.02117992725846,
        "q25": 228.98992504728284,
        "q50": 231.81727139196556,
        "q75": 234.54199068993915,
        "q95": 238.62276285497023
      }
    },
    "g": {
      "mode0": {
        "q5": 195.3462255663173,
        "q25": 206.95425806024392,
        "q50": 215.66168684597895,
        "q75": 224.66902922427647,
        "q95": 237.5549421330486
      },
      "mode1": {
        "q5": 590.7351668939455,
        "q25": 626.8711264485008,
        "q50": 654.2944953278784,
        "q75": 682.591575455629,
        "q95": 723.0845910828816
      }
    },
    "a221_frac_below_10pct_median": 0.0,
    "a221_over_a220_median": 1.0174214009258948
  }
}