{
  "npe": {
    "m": [
      76.00546264648438,
      68.40228538513183,
      85.19953155517578
    ],
    "chi": [
      0.7616464793682098,
      0.6208578050136566,
      0.859670951962471
    ],
    "delta": [
      -0.15641368925571442,
      -0.4465068206191063,
      0.3207370877265928
    ]
  },
  "package_peak": {
    "m": [
      74.76627789408292,
      70.44069773385863,
      78.95256420421634
    ],
    "chi": 0.7289747014120042
  },
  "m_median_gap": 1.2391847524014565,
  "chi_median_gap": 0.03267177795620568,
  "package_ci_nested_in_npe": true,
  "npe_location_in_sweep_tMf": 0.0,
  "npe_mass_bias_vs_true": 7.905462646484381,
  "peak_mass_bias_vs_true": 6.614981701946277,
  "npe_inherits_peak_systematic": true
}